http://dbpedia.org/ontology/aSide	2979
http://dbpedia.org/ontology/abbreviation	10464
http://dbpedia.org/ontology/absoluteMagnitude	3565
http://dbpedia.org/ontology/abstract	12390578
http://dbpedia.org/ontology/academicAdvisor	1349
http://dbpedia.org/ontology/academicDiscipline	8281
http://dbpedia.org/ontology/acceleration	661
http://dbpedia.org/ontology/access	387
http://dbpedia.org/ontology/acquirementDate	5311
http://dbpedia.org/ontology/actScore	6
http://dbpedia.org/ontology/activeYears	328
http://dbpedia.org/ontology/activeYearsEndDate	84148
http://dbpedia.org/ontology/activeYearsEndYear	151754
http://dbpedia.org/ontology/activeYearsStartDate	103132
http://dbpedia.org/ontology/activeYearsStartYear	254812
http://dbpedia.org/ontology/added	55268
http://dbpedia.org/ontology/address	56143
http://dbpedia.org/ontology/addressInRoad	18
http://dbpedia.org/ontology/administrativeCollectivity	251
http://dbpedia.org/ontology/administrativeDistrict	209
http://dbpedia.org/ontology/administrator	4
http://dbpedia.org/ontology/affiliation	24846
http://dbpedia.org/ontology/ageRange	830
http://dbpedia.org/ontology/agency	750
http://dbpedia.org/ontology/agencyStationCode	10385
http://dbpedia.org/ontology/aircraftAttack	775
http://dbpedia.org/ontology/aircraftBomber	377
http://dbpedia.org/ontology/aircraftElectronic	104
http://dbpedia.org/ontology/aircraftFighter	1358
http://dbpedia.org/ontology/aircraftHelicopter	328
http://dbpedia.org/ontology/aircraftHelicopterAttack	48
http://dbpedia.org/ontology/aircraftHelicopterCargo	17
http://dbpedia.org/ontology/aircraftHelicopterMultirole	33
http://dbpedia.org/ontology/aircraftHelicopterObservation	13
http://dbpedia.org/ontology/aircraftHelicopterTransport	27
http://dbpedia.org/ontology/aircraftHelicopterUtility	68
http://dbpedia.org/ontology/aircraftInterceptor	51
http://dbpedia.org/ontology/aircraftPatrol	552
http://dbpedia.org/ontology/aircraftRecon	395
http://dbpedia.org/ontology/aircraftTrainer	716
http://dbpedia.org/ontology/aircraftTransport	889
http://dbpedia.org/ontology/albedo	1386
http://dbpedia.org/ontology/album	48245
http://dbpedia.org/ontology/alias	55278
http://dbpedia.org/ontology/allegiance	21032
http://dbpedia.org/ontology/alliance	320
http://dbpedia.org/ontology/almaMater	131512
http://dbpedia.org/ontology/alternativeName	31
http://dbpedia.org/ontology/alumni	217
http://dbpedia.org/ontology/analogChannel	972
http://dbpedia.org/ontology/animal	279
http://dbpedia.org/ontology/animator	4419
http://dbpedia.org/ontology/anniversary	203
http://dbpedia.org/ontology/anthem	783
http://dbpedia.org/ontology/apoapsis	3140
http://dbpedia.org/ontology/apparentMagnitude	222
http://dbpedia.org/ontology/appointer	1618
http://dbpedia.org/ontology/approximateCalories	8
http://dbpedia.org/ontology/archipelago	3173
http://dbpedia.org/ontology/architect	18048
http://dbpedia.org/ontology/architecturalStyle	34580
http://dbpedia.org/ontology/area	70572
http://dbpedia.org/ontology/areaCode	129943
http://dbpedia.org/ontology/areaLand	72766
http://dbpedia.org/ontology/areaMetro	779
http://dbpedia.org/ontology/areaOfCatchment	1211
http://dbpedia.org/ontology/areaOfCatchmentQuote	1
http://dbpedia.org/ontology/areaOfSearch	826
http://dbpedia.org/ontology/areaQuote	1
http://dbpedia.org/ontology/areaRural	19
http://dbpedia.org/ontology/areaTotal	179581
http://dbpedia.org/ontology/areaUrban	779
http://dbpedia.org/ontology/areaWater	55568
http://dbpedia.org/ontology/argueDate	12
http://dbpedia.org/ontology/arm	1000
http://dbpedia.org/ontology/arrondissement	9435
http://dbpedia.org/ontology/artery	472
http://dbpedia.org/ontology/artist	146716
http://dbpedia.org/ontology/assembly	14588
http://dbpedia.org/ontology/assetUnderManagement	200
http://dbpedia.org/ontology/assets	3682
http://dbpedia.org/ontology/assistantPrincipal	8
http://dbpedia.org/ontology/associate	3528
http://dbpedia.org/ontology/associateEditor	19
http://dbpedia.org/ontology/associatedAct	197
http://dbpedia.org/ontology/associatedBand	131347
http://dbpedia.org/ontology/associatedMusicalArtist	131338
http://dbpedia.org/ontology/associatedRocket	65
http://dbpedia.org/ontology/associationOfLocalGovernment	568
http://dbpedia.org/ontology/atcPrefix	4699
http://dbpedia.org/ontology/atcSuffix	2700
http://dbpedia.org/ontology/atcSupplemental	104
http://dbpedia.org/ontology/athletics	1650
http://dbpedia.org/ontology/author	61626
http://dbpedia.org/ontology/authority	374
http://dbpedia.org/ontology/automobileModel	6894
http://dbpedia.org/ontology/automobilePlatform	1796
http://dbpedia.org/ontology/availableSmartCard	823
http://dbpedia.org/ontology/averageAnnualGeneration	820
http://dbpedia.org/ontology/averageClassSize	1198
http://dbpedia.org/ontology/averageDepth	2500
http://dbpedia.org/ontology/averageDepthQuote	1
http://dbpedia.org/ontology/averageSpeed	735
http://dbpedia.org/ontology/award	90933
http://dbpedia.org/ontology/bSide	24916
http://dbpedia.org/ontology/background	83192
http://dbpedia.org/ontology/band	1180
http://dbpedia.org/ontology/bandMember	28617
http://dbpedia.org/ontology/barPassRate	143
http://dbpedia.org/ontology/basedOn	4378
http://dbpedia.org/ontology/battingSide	664
http://dbpedia.org/ontology/battle	117539
http://dbpedia.org/ontology/battleHonours	2959
http://dbpedia.org/ontology/beatifiedBy	954
http://dbpedia.org/ontology/beatifiedDate	896
http://dbpedia.org/ontology/beatifiedPlace	1239
http://dbpedia.org/ontology/bedCount	2026
http://dbpedia.org/ontology/beltwayCity	81
http://dbpedia.org/ontology/bestFinish	343
http://dbpedia.org/ontology/bibsysId	3
http://dbpedia.org/ontology/bicycleInformation	2637
http://dbpedia.org/ontology/billed	2124
http://dbpedia.org/ontology/binomial	441
http://dbpedia.org/ontology/binomialAuthority	112343
http://dbpedia.org/ontology/bioavailability	663
http://dbpedia.org/ontology/biome	259
http://dbpedia.org/ontology/birthDate	1740614
http://dbpedia.org/ontology/birthName	79134
http://dbpedia.org/ontology/birthPlace	1330297
http://dbpedia.org/ontology/birthYear	160048
http://dbpedia.org/ontology/block	173
http://dbpedia.org/ontology/blockAlloy	165
http://dbpedia.org/ontology/bnfId	97
http://dbpedia.org/ontology/board	1936
http://dbpedia.org/ontology/bodyDiscovered	233
http://dbpedia.org/ontology/bodyStyle	9747
http://dbpedia.org/ontology/boiler	42
http://dbpedia.org/ontology/boilerPressure	7
http://dbpedia.org/ontology/border	486
http://dbpedia.org/ontology/borough	376
http://dbpedia.org/ontology/bowlRecord	672
http://dbpedia.org/ontology/bpnId	1
http://dbpedia.org/ontology/brainInfoNumber	374
http://dbpedia.org/ontology/brainInfoType	372
http://dbpedia.org/ontology/branchFrom	572
http://dbpedia.org/ontology/branchTo	393
http://dbpedia.org/ontology/brand	297
http://dbpedia.org/ontology/breeder	1855
http://dbpedia.org/ontology/bridgeCarries	3275
http://dbpedia.org/ontology/broadcastArea	23827
http://dbpedia.org/ontology/broadcastNetwork	12188
http://dbpedia.org/ontology/broadcastRepeater	868
http://dbpedia.org/ontology/broadcastStationClass	17139
http://dbpedia.org/ontology/broadcastTranslator	1615
http://dbpedia.org/ontology/bronzeMedalist	5988
http://dbpedia.org/ontology/budget	18222
http://dbpedia.org/ontology/builder	39938
http://dbpedia.org/ontology/building	13
http://dbpedia.org/ontology/buildingEndDate	16636
http://dbpedia.org/ontology/buildingEndYear	63
http://dbpedia.org/ontology/buildingStartDate	11634
http://dbpedia.org/ontology/buildingStartYear	2337
http://dbpedia.org/ontology/bustSize	316
http://dbpedia.org/ontology/callSign	3742
http://dbpedia.org/ontology/callsignMeaning	13201
http://dbpedia.org/ontology/campus	8603
http://dbpedia.org/ontology/campusSize	1084
http://dbpedia.org/ontology/campusType	1877
http://dbpedia.org/ontology/canBaggageChecked	1356
http://dbpedia.org/ontology/canonizedBy	653
http://dbpedia.org/ontology/canonizedDate	488
http://dbpedia.org/ontology/canonizedPlace	495
http://dbpedia.org/ontology/canton	8875
http://dbpedia.org/ontology/capacity	15227
http://dbpedia.org/ontology/capacityFactor	83
http://dbpedia.org/ontology/capital	5162
http://dbpedia.org/ontology/capitalCountry	2
http://dbpedia.org/ontology/capitalElevation	46
http://dbpedia.org/ontology/capitalMountain	1
http://dbpedia.org/ontology/capitalPlace	1
http://dbpedia.org/ontology/capitalPosition	67
http://dbpedia.org/ontology/capitalRegion	3
http://dbpedia.org/ontology/captureDate	666
http://dbpedia.org/ontology/carNumber	1545
http://dbpedia.org/ontology/carbohydrate	2
http://dbpedia.org/ontology/careerPrizeMoney	3667
http://dbpedia.org/ontology/careerStation	977021
http://dbpedia.org/ontology/casNumber	5548
http://dbpedia.org/ontology/casSupplemental	309
http://dbpedia.org/ontology/casualties	826
http://dbpedia.org/ontology/category	781
http://dbpedia.org/ontology/causalties	17906
http://dbpedia.org/ontology/ceeb	1179
http://dbpedia.org/ontology/censusYear	4089
http://dbpedia.org/ontology/centuryBreaks	365
http://dbpedia.org/ontology/ceo	96
http://dbpedia.org/ontology/ceremonialCounty	5289
http://dbpedia.org/ontology/certification	3853
http://dbpedia.org/ontology/certificationDate	36
http://dbpedia.org/ontology/chEBI	1338
http://dbpedia.org/ontology/chain	143
http://dbpedia.org/ontology/chairLabel	5
http://dbpedia.org/ontology/chairman	6994
http://dbpedia.org/ontology/chairmanTitle	5383
http://dbpedia.org/ontology/chairperson	286
http://dbpedia.org/ontology/champion	1505
http://dbpedia.org/ontology/championInDoubleFemale	412
http://dbpedia.org/ontology/championInDoubleMale	2038
http://dbpedia.org/ontology/championInMixedDouble	55
http://dbpedia.org/ontology/championInSingleFemale	211
http://dbpedia.org/ontology/championInSingleMale	1023
http://dbpedia.org/ontology/championships	777
http://dbpedia.org/ontology/chancellor	1512
http://dbpedia.org/ontology/channel	15282
http://dbpedia.org/ontology/chaplain	21
http://dbpedia.org/ontology/characterInPlay	5600
http://dbpedia.org/ontology/chef	58
http://dbpedia.org/ontology/chiefEditor	182
http://dbpedia.org/ontology/child	15760
http://dbpedia.org/ontology/childOrganisation	1149
http://dbpedia.org/ontology/choreographer	909
http://dbpedia.org/ontology/chorusCharacterInPlay	61
http://dbpedia.org/ontology/christeningDate	441
http://dbpedia.org/ontology/chromosome	1212
http://dbpedia.org/ontology/cinematography	45887
http://dbpedia.org/ontology/circulation	5081
http://dbpedia.org/ontology/citizenship	6435
http://dbpedia.org/ontology/city	112483
http://dbpedia.org/ontology/cityType	530
http://dbpedia.org/ontology/class	323249
http://dbpedia.org/ontology/classes	400
http://dbpedia.org/ontology/closed	67
http://dbpedia.org/ontology/closingDate	1887
http://dbpedia.org/ontology/closingFilm	132
http://dbpedia.org/ontology/closingYear	4084
http://dbpedia.org/ontology/club	7169
http://dbpedia.org/ontology/clubsRecordGoalscorer	28
http://dbpedia.org/ontology/cmykCoordinateBlack	912
http://dbpedia.org/ontology/cmykCoordinateCyanic	828
http://dbpedia.org/ontology/cmykCoordinateMagenta	911
http://dbpedia.org/ontology/cmykCoordinateYellow	895
http://dbpedia.org/ontology/co2Emission	4
http://dbpedia.org/ontology/coach	24026
http://dbpedia.org/ontology/coachedTeam	200
http://dbpedia.org/ontology/coachingRecord	110
http://dbpedia.org/ontology/code	1564
http://dbpedia.org/ontology/coden	2115
http://dbpedia.org/ontology/collection	382
http://dbpedia.org/ontology/college	13759
http://dbpedia.org/ontology/colour	7638
http://dbpedia.org/ontology/colourHexCode	1105
http://dbpedia.org/ontology/colourName	8796
http://dbpedia.org/ontology/combatant	37118
http://dbpedia.org/ontology/commandStructure	9417
http://dbpedia.org/ontology/commander	48960
http://dbpedia.org/ontology/commissioningDate	14334
http://dbpedia.org/ontology/committee	837
http://dbpedia.org/ontology/committeeInLegislature	22
http://dbpedia.org/ontology/commonName	8
http://dbpedia.org/ontology/company	18783
http://dbpedia.org/ontology/comparable	73
http://dbpedia.org/ontology/compiler	295
http://dbpedia.org/ontology/completionDate	22710
http://dbpedia.org/ontology/complexity	3
http://dbpedia.org/ontology/component	23
http://dbpedia.org/ontology/composer	15116
http://dbpedia.org/ontology/compressionRatio	525
http://dbpedia.org/ontology/computingPlatform	53170
http://dbpedia.org/ontology/configuration	9911
http://dbpedia.org/ontology/congressionalDistrict	20
http://dbpedia.org/ontology/connotation	34
http://dbpedia.org/ontology/conservationStatus	48262
http://dbpedia.org/ontology/conservationStatusSystem	47211
http://dbpedia.org/ontology/constructionMaterial	606
http://dbpedia.org/ontology/contractAward	7
http://dbpedia.org/ontology/coolingSystem	127
http://dbpedia.org/ontology/cosparId	1908
http://dbpedia.org/ontology/cost	4338
http://dbpedia.org/ontology/councilArea	2313
http://dbpedia.org/ontology/country	769223
http://dbpedia.org/ontology/countryOrigin	226
http://dbpedia.org/ontology/countryWithFirstAstronaut	33
http://dbpedia.org/ontology/countryWithFirstSatellite	48
http://dbpedia.org/ontology/countryWithFirstSatelliteLaunched	11
http://dbpedia.org/ontology/countryWithFirstSpaceflight	10
http://dbpedia.org/ontology/county	9337
http://dbpedia.org/ontology/countySeat	3016
http://dbpedia.org/ontology/course	2704
http://dbpedia.org/ontology/coverArtist	4025
http://dbpedia.org/ontology/cpu	1680
http://dbpedia.org/ontology/creativeDirector	371
http://dbpedia.org/ontology/creator	27165
http://dbpedia.org/ontology/creatorOfDish	331
http://dbpedia.org/ontology/crews	6
http://dbpedia.org/ontology/crosses	3764
http://dbpedia.org/ontology/crownDependency	41
http://dbpedia.org/ontology/cuisine	817
http://dbpedia.org/ontology/cultivatedVariety	19
http://dbpedia.org/ontology/curator	65
http://dbpedia.org/ontology/currency	1792
http://dbpedia.org/ontology/currentMember	318768
http://dbpedia.org/ontology/currentPartner	630
http://dbpedia.org/ontology/currentProduction	46
http://dbpedia.org/ontology/currentRank	7
http://dbpedia.org/ontology/currentRecord	963
http://dbpedia.org/ontology/currentSeason	1894
http://dbpedia.org/ontology/currentStatus	731
http://dbpedia.org/ontology/currentlyUsedFor	147
http://dbpedia.org/ontology/custodian	1
http://dbpedia.org/ontology/cylinderBore	489
http://dbpedia.org/ontology/cylinderCount	746
http://dbpedia.org/ontology/dam	469
http://dbpedia.org/ontology/damage	24
http://dbpedia.org/ontology/damsire	2509
http://dbpedia.org/ontology/date	17586
http://dbpedia.org/ontology/dateAct	4
http://dbpedia.org/ontology/dateCompleted	12
http://dbpedia.org/ontology/dateConstruction	11
http://dbpedia.org/ontology/dateOfAbandonment	200
http://dbpedia.org/ontology/dateOfBurial	11
http://dbpedia.org/ontology/dateUse	15
http://dbpedia.org/ontology/day	31
http://dbpedia.org/ontology/daylightSavingTimeZone	4677
http://dbpedia.org/ontology/dcc	5544
http://dbpedia.org/ontology/dean	533
http://dbpedia.org/ontology/deathCause	5424
http://dbpedia.org/ontology/deathDate	721196
http://dbpedia.org/ontology/deathPlace	406619
http://dbpedia.org/ontology/deathYear	74740
http://dbpedia.org/ontology/debut	816
http://dbpedia.org/ontology/debutTeam	24693
http://dbpedia.org/ontology/decideDate	5
http://dbpedia.org/ontology/declination	63
http://dbpedia.org/ontology/decommissioningDate	8438
http://dbpedia.org/ontology/deliveryDate	34
http://dbpedia.org/ontology/demolitionDate	133
http://dbpedia.org/ontology/demolitionYear	77
http://dbpedia.org/ontology/demonym	685
http://dbpedia.org/ontology/denomination	926
http://dbpedia.org/ontology/density	123
http://dbpedia.org/ontology/department	24307
http://dbpedia.org/ontology/depictionDescription	2710
http://dbpedia.org/ontology/depth	649
http://dbpedia.org/ontology/deputy	2550
http://dbpedia.org/ontology/derivative	879
http://dbpedia.org/ontology/description	13291
http://dbpedia.org/ontology/designCompany	1528
http://dbpedia.org/ontology/designer	10597
http://dbpedia.org/ontology/destination	771
http://dbpedia.org/ontology/destructionDate	42
http://dbpedia.org/ontology/detectionMethod	23
http://dbpedia.org/ontology/developer	28834
http://dbpedia.org/ontology/diameter	1325
http://dbpedia.org/ontology/digitalChannel	5064
http://dbpedia.org/ontology/digitalSubChannel	3642
http://dbpedia.org/ontology/director	124582
http://dbpedia.org/ontology/disbanded	431
http://dbpedia.org/ontology/discharge	1354
http://dbpedia.org/ontology/dischargeAverage	160
http://dbpedia.org/ontology/discipline	1664
http://dbpedia.org/ontology/discovered	3203
http://dbpedia.org/ontology/discoverer	3756
http://dbpedia.org/ontology/displacement	16542
http://dbpedia.org/ontology/dissolutionDate	1050
http://dbpedia.org/ontology/dissolutionYear	2872
http://dbpedia.org/ontology/dissolved	135
http://dbpedia.org/ontology/distance	2670
http://dbpedia.org/ontology/distanceLaps	1356
http://dbpedia.org/ontology/distanceToBelfast	106
http://dbpedia.org/ontology/distanceToCardiff	644
http://dbpedia.org/ontology/distanceToCharingCross	167
http://dbpedia.org/ontology/distanceToDouglas	8
http://dbpedia.org/ontology/distanceToDublin	5
http://dbpedia.org/ontology/distanceToEdinburgh	141
http://dbpedia.org/ontology/distanceToLondon	3333
http://dbpedia.org/ontology/distributingCompany	1796
http://dbpedia.org/ontology/distributingLabel	1796
http://dbpedia.org/ontology/distributor	68036
http://dbpedia.org/ontology/district	47332
http://dbpedia.org/ontology/division	68235
http://dbpedia.org/ontology/doctoralAdvisor	6498
http://dbpedia.org/ontology/doctoralStudent	7647
http://dbpedia.org/ontology/domain	3752
http://dbpedia.org/ontology/dorlandsPrefix	2386
http://dbpedia.org/ontology/dorlandsSuffix	2389
http://dbpedia.org/ontology/draft	10063
http://dbpedia.org/ontology/draftPick	10974
http://dbpedia.org/ontology/draftRound	10661
http://dbpedia.org/ontology/draftTeam	10294
http://dbpedia.org/ontology/draftYear	24521
http://dbpedia.org/ontology/drainsFrom	83
http://dbpedia.org/ontology/drainsTo	260
http://dbpedia.org/ontology/dressCode	209
http://dbpedia.org/ontology/drugbank	1637
http://dbpedia.org/ontology/duration	57
http://dbpedia.org/ontology/ecNumber	5343
http://dbpedia.org/ontology/editing	31126
http://dbpedia.org/ontology/editor	5557
http://dbpedia.org/ontology/editorTitle	1932
http://dbpedia.org/ontology/education	25656
http://dbpedia.org/ontology/effectiveRadiatedPower	4246
http://dbpedia.org/ontology/electionDate	115
http://dbpedia.org/ontology/electionDateLeader	567
http://dbpedia.org/ontology/electionMajority	2055
http://dbpedia.org/ontology/elevation	247824
http://dbpedia.org/ontology/elevationQuote	2
http://dbpedia.org/ontology/employer	7409
http://dbpedia.org/ontology/endDate	518
http://dbpedia.org/ontology/endPoint	217
http://dbpedia.org/ontology/endYearOfInsertion	5969
http://dbpedia.org/ontology/endYearOfSales	148
http://dbpedia.org/ontology/endingTheme	1006
http://dbpedia.org/ontology/endowment	1935
http://dbpedia.org/ontology/engine	10463
http://dbpedia.org/ontology/engineType	502
http://dbpedia.org/ontology/engineer	152
http://dbpedia.org/ontology/ensembl	4
http://dbpedia.org/ontology/entrezgene	1509
http://dbpedia.org/ontology/episodeNumber	8170
http://dbpedia.org/ontology/epoch	3166
http://dbpedia.org/ontology/equipment	269
http://dbpedia.org/ontology/equity	2143
http://dbpedia.org/ontology/era	1323
http://dbpedia.org/ontology/eruptionYear	835
http://dbpedia.org/ontology/escapeVelocity	298
http://dbpedia.org/ontology/espnId	179
http://dbpedia.org/ontology/established	2493
http://dbpedia.org/ontology/ethnicGroup	2245
http://dbpedia.org/ontology/ethnicGroupsInYear	120
http://dbpedia.org/ontology/ethnicity	8322
http://dbpedia.org/ontology/europeanAffiliation	644
http://dbpedia.org/ontology/europeanParliamentGroup	424
http://dbpedia.org/ontology/event	861
http://dbpedia.org/ontology/executiveProducer	12377
http://dbpedia.org/ontology/extinctionDate	2183
http://dbpedia.org/ontology/extinctionYear	8521
http://dbpedia.org/ontology/eyeColor	3164
http://dbpedia.org/ontology/faaLocationIdentifier	4222
http://dbpedia.org/ontology/facilityId	15870
http://dbpedia.org/ontology/facultySize	10050
http://dbpedia.org/ontology/failedLaunches	200
http://dbpedia.org/ontology/family	397277
http://dbpedia.org/ontology/fansgroup	31
http://dbpedia.org/ontology/fareZone	4761
http://dbpedia.org/ontology/fastestDriver	1337
http://dbpedia.org/ontology/fastestDriverCountry	80
http://dbpedia.org/ontology/fastestDriverTeam	1313
http://dbpedia.org/ontology/fastestLap	753
http://dbpedia.org/ontology/fat	2
http://dbpedia.org/ontology/fate	4341
http://dbpedia.org/ontology/fdaUniiCode	3925
http://dbpedia.org/ontology/feastDay	28
http://dbpedia.org/ontology/federalState	4619
http://dbpedia.org/ontology/fees	172
http://dbpedia.org/ontology/field	42551
http://dbpedia.org/ontology/fileSize	827
http://dbpedia.org/ontology/filename	13413
http://dbpedia.org/ontology/film	28
http://dbpedia.org/ontology/finalFlight	195
http://dbpedia.org/ontology/finalPublicationYear	555
http://dbpedia.org/ontology/firstAirDate	14405
http://dbpedia.org/ontology/firstAppearance	5562
http://dbpedia.org/ontology/firstAscentPerson	894
http://dbpedia.org/ontology/firstAscentYear	2025
http://dbpedia.org/ontology/firstDriver	10461
http://dbpedia.org/ontology/firstDriverCountry	98
http://dbpedia.org/ontology/firstDriverTeam	1325
http://dbpedia.org/ontology/firstFlight	6
http://dbpedia.org/ontology/firstFlightEndDate	7
http://dbpedia.org/ontology/firstFlightStartDate	7
http://dbpedia.org/ontology/firstGame	60
http://dbpedia.org/ontology/firstLaunchDate	20
http://dbpedia.org/ontology/firstLaunchRocket	2
http://dbpedia.org/ontology/firstLeader	3299
http://dbpedia.org/ontology/firstPopularVote	21
http://dbpedia.org/ontology/firstPublicationDate	2165
http://dbpedia.org/ontology/firstPublicationYear	6668
http://dbpedia.org/ontology/firstRace	785
http://dbpedia.org/ontology/firstWin	91
http://dbpedia.org/ontology/firstWinner	59
http://dbpedia.org/ontology/flag	411
http://dbpedia.org/ontology/flagBearer	681
http://dbpedia.org/ontology/floodingDate	16
http://dbpedia.org/ontology/floorArea	3985
http://dbpedia.org/ontology/floorCount	6375
http://dbpedia.org/ontology/foalDate	1297
http://dbpedia.org/ontology/followingEvent	5278
http://dbpedia.org/ontology/format	81482
http://dbpedia.org/ontology/formationDate	9516
http://dbpedia.org/ontology/formationYear	20623
http://dbpedia.org/ontology/formerBandMember	25944
http://dbpedia.org/ontology/formerBroadcastNetwork	4198
http://dbpedia.org/ontology/formerCallsign	20279
http://dbpedia.org/ontology/formerChannel	4248
http://dbpedia.org/ontology/formerChoreographer	1244
http://dbpedia.org/ontology/formerCoach	2573
http://dbpedia.org/ontology/formerHighschool	14
http://dbpedia.org/ontology/formerName	16479
http://dbpedia.org/ontology/formerPartner	1652
http://dbpedia.org/ontology/formerTeam	106714
http://dbpedia.org/ontology/foundationPlace	13004
http://dbpedia.org/ontology/foundedBy	12895
http://dbpedia.org/ontology/founder	1574
http://dbpedia.org/ontology/foundingDate	23926
http://dbpedia.org/ontology/foundingYear	90919
http://dbpedia.org/ontology/fourthCommander	61
http://dbpedia.org/ontology/frazioni	1388
http://dbpedia.org/ontology/frequency	16350
http://dbpedia.org/ontology/frequencyOfPublication	6346
http://dbpedia.org/ontology/frequentlyUpdated	1070
http://dbpedia.org/ontology/frozen	452
http://dbpedia.org/ontology/fuelCapacity	11
http://dbpedia.org/ontology/fuelConsumption	2
http://dbpedia.org/ontology/fuelSystem	240
http://dbpedia.org/ontology/fuelType	464
http://dbpedia.org/ontology/gameArtist	805
http://dbpedia.org/ontology/gameEngine	2896
http://dbpedia.org/ontology/games	5253
http://dbpedia.org/ontology/garrison	10388
http://dbpedia.org/ontology/gasChambers	9
http://dbpedia.org/ontology/gender	4834
http://dbpedia.org/ontology/geneLocation	4
http://dbpedia.org/ontology/geneLocationEnd	4
http://dbpedia.org/ontology/geneLocationStart	4
http://dbpedia.org/ontology/generalManager	32
http://dbpedia.org/ontology/generationUnits	884
http://dbpedia.org/ontology/genomeDB	4
http://dbpedia.org/ontology/genre	576001
http://dbpedia.org/ontology/genus	224428
http://dbpedia.org/ontology/geologicPeriod	99
http://dbpedia.org/ontology/geology	406
http://dbpedia.org/ontology/glycemicIndex	4
http://dbpedia.org/ontology/goldMedalist	6297
http://dbpedia.org/ontology/governingBody	6181
http://dbpedia.org/ontology/government	209
http://dbpedia.org/ontology/governmentCountry	4
http://dbpedia.org/ontology/governmentElevation	83
http://dbpedia.org/ontology/governmentMountain	13
http://dbpedia.org/ontology/governmentPlace	13
http://dbpedia.org/ontology/governmentPosition	142
http://dbpedia.org/ontology/governmentRegion	10
http://dbpedia.org/ontology/governmentType	11767
http://dbpedia.org/ontology/governor	4473
http://dbpedia.org/ontology/governorGeneral	239
http://dbpedia.org/ontology/grades	5398
http://dbpedia.org/ontology/grandsire	3280
http://dbpedia.org/ontology/grayPage	2795
http://dbpedia.org/ontology/graySubject	2789
http://dbpedia.org/ontology/gridReference	23925
http://dbpedia.org/ontology/gross	17952
http://dbpedia.org/ontology/grossDomesticProduct	20
http://dbpedia.org/ontology/ground	41877
http://dbpedia.org/ontology/growingGrape	3330
http://dbpedia.org/ontology/guest	34346
http://dbpedia.org/ontology/hairColor	3302
http://dbpedia.org/ontology/hallOfFame	298
http://dbpedia.org/ontology/hasJunctionWith	209
http://dbpedia.org/ontology/hasVariant	653
http://dbpedia.org/ontology/head	1046
http://dbpedia.org/ontology/headAlloy	133
http://dbpedia.org/ontology/headChef	235
http://dbpedia.org/ontology/headLabel	5015
http://dbpedia.org/ontology/headquarter	45418
http://dbpedia.org/ontology/headteacher	2
http://dbpedia.org/ontology/height	202143
http://dbpedia.org/ontology/heightAboveAverageTerrain	13108
http://dbpedia.org/ontology/heir	1
http://dbpedia.org/ontology/hgncid	1332
http://dbpedia.org/ontology/highestBreak	415
http://dbpedia.org/ontology/highestMountain	79
http://dbpedia.org/ontology/highestPlace	250
http://dbpedia.org/ontology/highestPosition	374
http://dbpedia.org/ontology/highestRank	462
http://dbpedia.org/ontology/highestRegion	34
http://dbpedia.org/ontology/highestState	43
http://dbpedia.org/ontology/highschool	6491
http://dbpedia.org/ontology/highwaySystem	51
http://dbpedia.org/ontology/hipSize	384
http://dbpedia.org/ontology/homeArena	1072
http://dbpedia.org/ontology/homeStadium	7403
http://dbpedia.org/ontology/homeport	2480
http://dbpedia.org/ontology/hometown	93101
http://dbpedia.org/ontology/honours	1551
http://dbpedia.org/ontology/house	467
http://dbpedia.org/ontology/hsvCoordinateHue	1026
http://dbpedia.org/ontology/hsvCoordinateSaturation	1043
http://dbpedia.org/ontology/hsvCoordinateValue	1043
http://dbpedia.org/ontology/hubAirport	3800
http://dbpedia.org/ontology/hybrid	1925
http://dbpedia.org/ontology/iataAirlineCode	3262
http://dbpedia.org/ontology/iataLocationIdentifier	7963
http://dbpedia.org/ontology/ibdbId	1
http://dbpedia.org/ontology/icaoAirlineCode	3390
http://dbpedia.org/ontology/icaoLocationIdentifier	11702
http://dbpedia.org/ontology/icd10	4134
http://dbpedia.org/ontology/icd9	5161
http://dbpedia.org/ontology/icdo	205
http://dbpedia.org/ontology/id	937
http://dbpedia.org/ontology/identificationSymbol	6551
http://dbpedia.org/ontology/ideology	15038
http://dbpedia.org/ontology/illustrator	3095
http://dbpedia.org/ontology/imageSize	1675
http://dbpedia.org/ontology/imdbId	72380
http://dbpedia.org/ontology/impactFactor	3774
http://dbpedia.org/ontology/impactFactorAsOf	3751
http://dbpedia.org/ontology/incumbent	96
http://dbpedia.org/ontology/individualisedGnd	229
http://dbpedia.org/ontology/industry	52782
http://dbpedia.org/ontology/inflow	4040
http://dbpedia.org/ontology/influenced	10966
http://dbpedia.org/ontology/influencedBy	23422
http://dbpedia.org/ontology/ingredient	12756
http://dbpedia.org/ontology/ingredientName	4217
http://dbpedia.org/ontology/innervates	190
http://dbpedia.org/ontology/inseeCode	37081
http://dbpedia.org/ontology/installedCapacity	2702
http://dbpedia.org/ontology/institution	2264
http://dbpedia.org/ontology/instrument	53261
http://dbpedia.org/ontology/intercommunality	7847
http://dbpedia.org/ontology/interest	956
http://dbpedia.org/ontology/internationalAffiliation	1338
http://dbpedia.org/ontology/internationally	4560
http://dbpedia.org/ontology/introduced	15
http://dbpedia.org/ontology/introductionDate	45
http://dbpedia.org/ontology/isHandicappedAccessible	4475
http://dbpedia.org/ontology/isPartOf	912054
http://dbpedia.org/ontology/isPartOfAnatomicalStructure	95
http://dbpedia.org/ontology/isPartOfMilitaryConflict	13357
http://dbpedia.org/ontology/isPartOfName	1614
http://dbpedia.org/ontology/isPartOfWineRegion	526
http://dbpedia.org/ontology/isPeerReviewed	2
http://dbpedia.org/ontology/isbn	24777
http://dbpedia.org/ontology/island	560
http://dbpedia.org/ontology/isniId	50
http://dbpedia.org/ontology/iso6391Code	197
http://dbpedia.org/ontology/iso6392Code	409
http://dbpedia.org/ontology/iso6393Code	6858
http://dbpedia.org/ontology/isoCodeRegion	7511
http://dbpedia.org/ontology/issDockings	3
http://dbpedia.org/ontology/issn	13247
http://dbpedia.org/ontology/iucnCategory	5164
http://dbpedia.org/ontology/iupacName	13265
http://dbpedia.org/ontology/jockey	82
http://dbpedia.org/ontology/jointCommunity	136
http://dbpedia.org/ontology/jstor	468
http://dbpedia.org/ontology/jurisdiction	6457
http://dbpedia.org/ontology/keyPerson	32206
http://dbpedia.org/ontology/kingdom	296341
http://dbpedia.org/ontology/knownFor	46996
http://dbpedia.org/ontology/lake	2406
http://dbpedia.org/ontology/language	108092
http://dbpedia.org/ontology/languageFamily	22230
http://dbpedia.org/ontology/languageRegulator	233
http://dbpedia.org/ontology/largestCity	3556
http://dbpedia.org/ontology/largestSettlement	80
http://dbpedia.org/ontology/largestWin	69
http://dbpedia.org/ontology/lastAirDate	985
http://dbpedia.org/ontology/lastAppearance	2018
http://dbpedia.org/ontology/lastElectionDate	897
http://dbpedia.org/ontology/lastFlight	6
http://dbpedia.org/ontology/lastFlightEndDate	8
http://dbpedia.org/ontology/lastFlightStartDate	8
http://dbpedia.org/ontology/lastLaunchDate	20
http://dbpedia.org/ontology/lastLaunchRocket	2
http://dbpedia.org/ontology/lastPosition	20
http://dbpedia.org/ontology/lastPublicationDate	1204
http://dbpedia.org/ontology/lastRace	766
http://dbpedia.org/ontology/lastWin	91
http://dbpedia.org/ontology/latestPreviewDate	95
http://dbpedia.org/ontology/latestPreviewVersion	682
http://dbpedia.org/ontology/latestReleaseDate	2145
http://dbpedia.org/ontology/latestReleaseVersion	8797
http://dbpedia.org/ontology/launchSite	548
http://dbpedia.org/ontology/launches	17
http://dbpedia.org/ontology/layingDown	11839
http://dbpedia.org/ontology/layout	6325
http://dbpedia.org/ontology/lcc	7123
http://dbpedia.org/ontology/lccn	3108
http://dbpedia.org/ontology/lccnId	457
http://dbpedia.org/ontology/leader	8870
http://dbpedia.org/ontology/leaderFunction	21598
http://dbpedia.org/ontology/leaderName	17738
http://dbpedia.org/ontology/leaderParty	6007
http://dbpedia.org/ontology/leaderTitle	66571
http://dbpedia.org/ontology/league	45411
http://dbpedia.org/ontology/leftChild	2
http://dbpedia.org/ontology/leftTributary	3995
http://dbpedia.org/ontology/legalForm	358
http://dbpedia.org/ontology/legislativePeriodName	604
http://dbpedia.org/ontology/length	75987
http://dbpedia.org/ontology/lengthQuote	1
http://dbpedia.org/ontology/lengthReference	2
http://dbpedia.org/ontology/liberationDate	36
http://dbpedia.org/ontology/license	10032
http://dbpedia.org/ontology/licensee	9403
http://dbpedia.org/ontology/lieutenancyArea	1613
http://dbpedia.org/ontology/lieutenant	1859
http://dbpedia.org/ontology/lineLength	3228
http://dbpedia.org/ontology/literaryGenre	29145
http://dbpedia.org/ontology/loadLimit	31
http://dbpedia.org/ontology/localAuthority	2396
http://dbpedia.org/ontology/locatedInArea	48899
http://dbpedia.org/ontology/location	413893
http://dbpedia.org/ontology/locationCity	27222
http://dbpedia.org/ontology/locationCountry	21851
http://dbpedia.org/ontology/locationIdentifier	31
http://dbpedia.org/ontology/locusSupplementaryData	308
http://dbpedia.org/ontology/logo	1317
http://dbpedia.org/ontology/longName	476
http://dbpedia.org/ontology/longtype	1823
http://dbpedia.org/ontology/lounge	64
http://dbpedia.org/ontology/lowerAge	5881
http://dbpedia.org/ontology/lowerEarthOrbitPayload	51
http://dbpedia.org/ontology/lowest	358
http://dbpedia.org/ontology/lowestMountain	133
http://dbpedia.org/ontology/lowestPlace	166
http://dbpedia.org/ontology/lowestPosition	101
http://dbpedia.org/ontology/lowestRegion	11
http://dbpedia.org/ontology/lowestState	18
http://dbpedia.org/ontology/lymph	61
http://dbpedia.org/ontology/lyrics	1983
http://dbpedia.org/ontology/magazine	3541
http://dbpedia.org/ontology/maidenFlight	272
http://dbpedia.org/ontology/maidenFlightRocket	200
http://dbpedia.org/ontology/maidenVoyage	802
http://dbpedia.org/ontology/mainInterest	4301
http://dbpedia.org/ontology/mainOrgan	196
http://dbpedia.org/ontology/mainspan	1684
http://dbpedia.org/ontology/maintainedBy	1664
http://dbpedia.org/ontology/majorIsland	629
http://dbpedia.org/ontology/majorShrine	1646
http://dbpedia.org/ontology/management	597
http://dbpedia.org/ontology/managementElevation	17
http://dbpedia.org/ontology/managementMountain	46
http://dbpedia.org/ontology/managementPlace	46
http://dbpedia.org/ontology/managementPosition	34
http://dbpedia.org/ontology/manager	17247
http://dbpedia.org/ontology/managerClub	60995
http://dbpedia.org/ontology/managerTitle	6395
http://dbpedia.org/ontology/managingEditor	22
http://dbpedia.org/ontology/manufacturer	35962
http://dbpedia.org/ontology/map	177
http://dbpedia.org/ontology/mapCaption	41
http://dbpedia.org/ontology/march	388
http://dbpedia.org/ontology/mascot	14752
http://dbpedia.org/ontology/mass	409
http://dbpedia.org/ontology/material	576
http://dbpedia.org/ontology/maxTime	3
http://dbpedia.org/ontology/maximumBoatBeam	80
http://dbpedia.org/ontology/maximumBoatLength	78
http://dbpedia.org/ontology/maximumDepth	4069
http://dbpedia.org/ontology/maximumDepthQuote	1
http://dbpedia.org/ontology/maximumDischarge	995
http://dbpedia.org/ontology/maximumElevation	38564
http://dbpedia.org/ontology/maximumTemperature	47
http://dbpedia.org/ontology/mayor	943
http://dbpedia.org/ontology/mbaId	19
http://dbpedia.org/ontology/meanRadius	123
http://dbpedia.org/ontology/meanTemperature	57
http://dbpedia.org/ontology/meaning	3479
http://dbpedia.org/ontology/mediaType	18398
http://dbpedia.org/ontology/meetingRoad	161
http://dbpedia.org/ontology/membership	4155
http://dbpedia.org/ontology/mergedIntoParty	800
http://dbpedia.org/ontology/meshId	2719
http://dbpedia.org/ontology/meshName	607
http://dbpedia.org/ontology/meshNumber	556
http://dbpedia.org/ontology/metropolitanBorough	1463
http://dbpedia.org/ontology/mgiid	1
http://dbpedia.org/ontology/militaryBranch	41598
http://dbpedia.org/ontology/militaryCommand	38957
http://dbpedia.org/ontology/militaryRank	4361
http://dbpedia.org/ontology/militaryUnit	16881
http://dbpedia.org/ontology/militaryUnitSize	7887
http://dbpedia.org/ontology/minTime	3
http://dbpedia.org/ontology/minimumDischarge	934
http://dbpedia.org/ontology/minimumElevation	37766
http://dbpedia.org/ontology/minimumTemperature	42
http://dbpedia.org/ontology/mirDockings	3
http://dbpedia.org/ontology/mission	1501
http://dbpedia.org/ontology/missions	9
http://dbpedia.org/ontology/model	226
http://dbpedia.org/ontology/modelEndYear	1225
http://dbpedia.org/ontology/modelStartYear	1537
http://dbpedia.org/ontology/monarch	6433
http://dbpedia.org/ontology/month	88
http://dbpedia.org/ontology/mostWins	57
http://dbpedia.org/ontology/motto	42633
http://dbpedia.org/ontology/mountainRange	14727
http://dbpedia.org/ontology/mouthCountry	684
http://dbpedia.org/ontology/mouthElevation	7664
http://dbpedia.org/ontology/mouthMountain	15489
http://dbpedia.org/ontology/mouthPlace	15489
http://dbpedia.org/ontology/mouthPosition	9948
http://dbpedia.org/ontology/mouthRegion	1046
http://dbpedia.org/ontology/movement	7506
http://dbpedia.org/ontology/municipality	3233
http://dbpedia.org/ontology/municipalityCode	2767
http://dbpedia.org/ontology/museum	3466
http://dbpedia.org/ontology/musicBy	1494
http://dbpedia.org/ontology/musicComposer	68814
http://dbpedia.org/ontology/musicFusionGenre	648
http://dbpedia.org/ontology/musicSubgenre	754
http://dbpedia.org/ontology/musicalArtist	56270
http://dbpedia.org/ontology/musicalBand	56270
http://dbpedia.org/ontology/muteCharacterInPlay	54
http://dbpedia.org/ontology/mythology	775
http://dbpedia.org/ontology/name	1228
http://dbpedia.org/ontology/nameDay	2
http://dbpedia.org/ontology/namedAfter	40
http://dbpedia.org/ontology/narrator	5203
http://dbpedia.org/ontology/nationalAffiliation	1388
http://dbpedia.org/ontology/nationalRanking	11
http://dbpedia.org/ontology/nationalTeam	4682
http://dbpedia.org/ontology/nationalTopographicSystemMapNumber	5419
http://dbpedia.org/ontology/nationality	130523
http://dbpedia.org/ontology/ndlId	23
http://dbpedia.org/ontology/nearestCity	18582
http://dbpedia.org/ontology/neighboringMunicipality	16680
http://dbpedia.org/ontology/neighbourConstellations	550
http://dbpedia.org/ontology/nerve	534
http://dbpedia.org/ontology/netIncome	4674
http://dbpedia.org/ontology/network	36801
http://dbpedia.org/ontology/networth	2090
http://dbpedia.org/ontology/nextEvent	4237
http://dbpedia.org/ontology/nlaId	27
http://dbpedia.org/ontology/nobelLaureates	26
http://dbpedia.org/ontology/nominee	31
http://dbpedia.org/ontology/nonFictionSubject	7785
http://dbpedia.org/ontology/notableCommander	6756
http://dbpedia.org/ontology/notableIdea	1284
http://dbpedia.org/ontology/notableStudent	1478
http://dbpedia.org/ontology/notableWine	81
http://dbpedia.org/ontology/notableWork	6833
http://dbpedia.org/ontology/note	2184
http://dbpedia.org/ontology/notes	756
http://dbpedia.org/ontology/nrhpReferenceNumber	55939
http://dbpedia.org/ontology/nrhpType	238
http://dbpedia.org/ontology/nssdcId	8
http://dbpedia.org/ontology/number	71000
http://dbpedia.org/ontology/numberBuilt	11197
http://dbpedia.org/ontology/numberOfBronzeMedalsWon	644
http://dbpedia.org/ontology/numberOfClassrooms	2
http://dbpedia.org/ontology/numberOfCompetitors	898
http://dbpedia.org/ontology/numberOfDeaths	53
http://dbpedia.org/ontology/numberOfDoctoralStudents	571
http://dbpedia.org/ontology/numberOfEmployees	21319
http://dbpedia.org/ontology/numberOfEpisodes	29969
http://dbpedia.org/ontology/numberOfFilms	836
http://dbpedia.org/ontology/numberOfGoals	650801
http://dbpedia.org/ontology/numberOfGoldMedalsWon	641
http://dbpedia.org/ontology/numberOfGraduateStudents	146
http://dbpedia.org/ontology/numberOfIslands	767
http://dbpedia.org/ontology/numberOfLanes	246
http://dbpedia.org/ontology/numberOfLawyers	421
http://dbpedia.org/ontology/numberOfLines	919
http://dbpedia.org/ontology/numberOfLocations	3309
http://dbpedia.org/ontology/numberOfMatches	645122
http://dbpedia.org/ontology/numberOfMembers	1767
http://dbpedia.org/ontology/numberOfOffices	423
http://dbpedia.org/ontology/numberOfOfficials	2
http://dbpedia.org/ontology/numberOfPads	54
http://dbpedia.org/ontology/numberOfPages	26613
http://dbpedia.org/ontology/numberOfParkingSpaces	56
http://dbpedia.org/ontology/numberOfParticipatingAthletes	78
http://dbpedia.org/ontology/numberOfParticipatingNations	51
http://dbpedia.org/ontology/numberOfPiersInWater	225
http://dbpedia.org/ontology/numberOfPlatformLevels	1221
http://dbpedia.org/ontology/numberOfPostgraduateStudents	3231
http://dbpedia.org/ontology/numberOfRestaurants	528
http://dbpedia.org/ontology/numberOfRooms	1010
http://dbpedia.org/ontology/numberOfSeasons	19367
http://dbpedia.org/ontology/numberOfSilverMedalsWon	641
http://dbpedia.org/ontology/numberOfSpans	774
http://dbpedia.org/ontology/numberOfSports	723
http://dbpedia.org/ontology/numberOfStaff	796
http://dbpedia.org/ontology/numberOfStations	3255
http://dbpedia.org/ontology/numberOfStudents	29348
http://dbpedia.org/ontology/numberOfSuites	432
http://dbpedia.org/ontology/numberOfTeams	1604
http://dbpedia.org/ontology/numberOfTracks	12112
http://dbpedia.org/ontology/numberOfUndergraduateStudents	3981
http://dbpedia.org/ontology/numberOfVehicles	424
http://dbpedia.org/ontology/numberOfVineyards	62
http://dbpedia.org/ontology/numberOfVisitors	1532
http://dbpedia.org/ontology/numberOfVisitorsAsOf	102
http://dbpedia.org/ontology/numberOfVolumes	4345
http://dbpedia.org/ontology/numberOfVolunteers	401
http://dbpedia.org/ontology/numberOfWineries	134
http://dbpedia.org/ontology/numberSold	6439
http://dbpedia.org/ontology/nutsCode	20
http://dbpedia.org/ontology/occupation	335407
http://dbpedia.org/ontology/oclc	19299
http://dbpedia.org/ontology/offeredClasses	538
http://dbpedia.org/ontology/office	177682
http://dbpedia.org/ontology/officerInCharge	19
http://dbpedia.org/ontology/officialLanguage	561
http://dbpedia.org/ontology/officialSchoolColour	11157
http://dbpedia.org/ontology/oilSystem	93
http://dbpedia.org/ontology/oldcode	14
http://dbpedia.org/ontology/omim	2700
http://dbpedia.org/ontology/onChromosome	4
http://dbpedia.org/ontology/openAccessContent	1148
http://dbpedia.org/ontology/openingDate	20352
http://dbpedia.org/ontology/openingFilm	183
http://dbpedia.org/ontology/openingTheme	4655
http://dbpedia.org/ontology/openingYear	43756
http://dbpedia.org/ontology/operatingIncome	3008
http://dbpedia.org/ontology/operatingSystem	13135
http://dbpedia.org/ontology/operator	20061
http://dbpedia.org/ontology/opponent	263
http://dbpedia.org/ontology/orbitalFlights	49
http://dbpedia.org/ontology/orbitalPeriod	3244
http://dbpedia.org/ontology/orbits	6
http://dbpedia.org/ontology/orcidId	1
http://dbpedia.org/ontology/order	355123
http://dbpedia.org/ontology/orderDate	4725
http://dbpedia.org/ontology/orderInOffice	46824
http://dbpedia.org/ontology/organSystem	3
http://dbpedia.org/ontology/organisation	393
http://dbpedia.org/ontology/origin	11211
http://dbpedia.org/ontology/originalEndPoint	3
http://dbpedia.org/ontology/originalLanguage	454
http://dbpedia.org/ontology/originalMaximumBoatBeam	7
http://dbpedia.org/ontology/originalMaximumBoatLength	5
http://dbpedia.org/ontology/originalStartPoint	6
http://dbpedia.org/ontology/originallyUsedFor	38
http://dbpedia.org/ontology/orogeny	13
http://dbpedia.org/ontology/orthologousGene	2
http://dbpedia.org/ontology/other	199
http://dbpedia.org/ontology/otherChannel	832
http://dbpedia.org/ontology/otherName	1719
http://dbpedia.org/ontology/otherParty	3975
http://dbpedia.org/ontology/otherServingLines	5564
http://dbpedia.org/ontology/otherWins	147
http://dbpedia.org/ontology/outflow	3582
http://dbpedia.org/ontology/overallRecord	7211
http://dbpedia.org/ontology/oversight	722
http://dbpedia.org/ontology/owner	60352
http://dbpedia.org/ontology/owningCompany	13345
http://dbpedia.org/ontology/owningOrganisation	13186
http://dbpedia.org/ontology/parent	29694
http://dbpedia.org/ontology/parentCompany	12213
http://dbpedia.org/ontology/parentMountainPeak	2506
http://dbpedia.org/ontology/parentOrganisation	3335
http://dbpedia.org/ontology/parish	25
http://dbpedia.org/ontology/parkingInformation	5530
http://dbpedia.org/ontology/part	16892
http://dbpedia.org/ontology/partialFailedLaunches	76
http://dbpedia.org/ontology/participant	7807
http://dbpedia.org/ontology/partner	1668
http://dbpedia.org/ontology/party	88099
http://dbpedia.org/ontology/passengersPerDay	719
http://dbpedia.org/ontology/passengersPerYear	9355
http://dbpedia.org/ontology/passengersUsedSystem	300
http://dbpedia.org/ontology/pastMember	46
http://dbpedia.org/ontology/pastor	66
http://dbpedia.org/ontology/patron	244
http://dbpedia.org/ontology/pdb	109
http://dbpedia.org/ontology/percentageOfAreaWater	10169
http://dbpedia.org/ontology/periapsis	3126
http://dbpedia.org/ontology/person	5032
http://dbpedia.org/ontology/personFunction	4473
http://dbpedia.org/ontology/personName	10319
http://dbpedia.org/ontology/philosophicalSchool	2092
http://dbpedia.org/ontology/photographer	457
http://dbpedia.org/ontology/phylum	244881
http://dbpedia.org/ontology/picture	3669
http://dbpedia.org/ontology/pictureFormat	5628
http://dbpedia.org/ontology/pistonStroke	466
http://dbpedia.org/ontology/place	25904
http://dbpedia.org/ontology/placeOfBurial	1402
http://dbpedia.org/ontology/plant	228
http://dbpedia.org/ontology/plays	3973
http://dbpedia.org/ontology/podiums	755
http://dbpedia.org/ontology/poleDriver	1302
http://dbpedia.org/ontology/poleDriverCountry	83
http://dbpedia.org/ontology/poleDriverTeam	1293
http://dbpedia.org/ontology/poles	752
http://dbpedia.org/ontology/politicalPartyInLegislature	4006
http://dbpedia.org/ontology/politicalPartyOfLeader	859
http://dbpedia.org/ontology/populationAsOf	19866
http://dbpedia.org/ontology/populationDensity	75485
http://dbpedia.org/ontology/populationMetro	1949
http://dbpedia.org/ontology/populationMetroDensity	247
http://dbpedia.org/ontology/populationPlace	13884
http://dbpedia.org/ontology/populationRural	282
http://dbpedia.org/ontology/populationTotal	327277
http://dbpedia.org/ontology/populationTotalRanking	2983
http://dbpedia.org/ontology/populationUrban	3231
http://dbpedia.org/ontology/populationUrbanDensity	178
http://dbpedia.org/ontology/portfolio	343
http://dbpedia.org/ontology/portrayer	5811
http://dbpedia.org/ontology/position	240407
http://dbpedia.org/ontology/postalCode	188395
http://dbpedia.org/ontology/powerOutput	5919
http://dbpedia.org/ontology/powerType	4382
http://dbpedia.org/ontology/precursor	222
http://dbpedia.org/ontology/predecessor	89375
http://dbpedia.org/ontology/premiereDate	1055
http://dbpedia.org/ontology/premierePlace	2002
http://dbpedia.org/ontology/premiereYear	1626
http://dbpedia.org/ontology/presenter	14597
http://dbpedia.org/ontology/president	16042
http://dbpedia.org/ontology/previousEditor	305
http://dbpedia.org/ontology/previousEvent	9124
http://dbpedia.org/ontology/previousInfrastructure	9
http://dbpedia.org/ontology/previousWork	158200
http://dbpedia.org/ontology/primaryFuelType	3068
http://dbpedia.org/ontology/primeMinister	14012
http://dbpedia.org/ontology/principal	183
http://dbpedia.org/ontology/principalArea	1953
http://dbpedia.org/ontology/principalEngineer	92
http://dbpedia.org/ontology/producer	260764
http://dbpedia.org/ontology/product	48482
http://dbpedia.org/ontology/production	293
http://dbpedia.org/ontology/productionEndDate	15
http://dbpedia.org/ontology/productionEndYear	8072
http://dbpedia.org/ontology/productionStartDate	40
http://dbpedia.org/ontology/productionStartYear	10087
http://dbpedia.org/ontology/profession	15598
http://dbpedia.org/ontology/programCost	79
http://dbpedia.org/ontology/programmeFormat	21463
http://dbpedia.org/ontology/programmingLanguage	6357
http://dbpedia.org/ontology/projectBudgetFunding	4
http://dbpedia.org/ontology/projectBudgetTotal	8
http://dbpedia.org/ontology/projectCoordinator	8
http://dbpedia.org/ontology/projectEndDate	2
http://dbpedia.org/ontology/projectKeyword	10
http://dbpedia.org/ontology/projectParticipant	82
http://dbpedia.org/ontology/projectStartDate	2
http://dbpedia.org/ontology/prominence	7499
http://dbpedia.org/ontology/promotion	1266
http://dbpedia.org/ontology/prospectLeague	754
http://dbpedia.org/ontology/prospectTeam	520
http://dbpedia.org/ontology/protein	3
http://dbpedia.org/ontology/province	11254
http://dbpedia.org/ontology/provost	74
http://dbpedia.org/ontology/pseudonym	3364
http://dbpedia.org/ontology/pubchem	5212
http://dbpedia.org/ontology/publicationDate	3603
http://dbpedia.org/ontology/publiclyAccessible	478
http://dbpedia.org/ontology/publisher	64929
http://dbpedia.org/ontology/purpose	6176
http://dbpedia.org/ontology/quote	635
http://dbpedia.org/ontology/race	31133
http://dbpedia.org/ontology/raceHorse	3964
http://dbpedia.org/ontology/races	763
http://dbpedia.org/ontology/railGauge	119
http://dbpedia.org/ontology/railwayLineUsingTunnel	118
http://dbpedia.org/ontology/railwayPlatforms	19933
http://dbpedia.org/ontology/railwayRollingStock	1811
http://dbpedia.org/ontology/rankInFinalMedalCount	606
http://dbpedia.org/ontology/ranking	207
http://dbpedia.org/ontology/rankingWins	58
http://dbpedia.org/ontology/rating	224
http://dbpedia.org/ontology/ratio	7
http://dbpedia.org/ontology/rebuildDate	2
http://dbpedia.org/ontology/rebuilder	110
http://dbpedia.org/ontology/rebuildingDate	423
http://dbpedia.org/ontology/rebuildingYear	2330
http://dbpedia.org/ontology/recentWinner	70
http://dbpedia.org/ontology/recommissioningDate	936
http://dbpedia.org/ontology/recordDate	16252
http://dbpedia.org/ontology/recordLabel	282756
http://dbpedia.org/ontology/recordedIn	50820
http://dbpedia.org/ontology/rector	581
http://dbpedia.org/ontology/refseq	1314
http://dbpedia.org/ontology/refseqmrna	4
http://dbpedia.org/ontology/refseqprotein	4
http://dbpedia.org/ontology/region	76716
http://dbpedia.org/ontology/regionServed	16506
http://dbpedia.org/ontology/regionalLanguage	130
http://dbpedia.org/ontology/related	17148
http://dbpedia.org/ontology/relatedMeanOfTransportation	8905
http://dbpedia.org/ontology/relation	9368
http://dbpedia.org/ontology/relative	15834
http://dbpedia.org/ontology/releaseDate	212290
http://dbpedia.org/ontology/releaseLocation	17
http://dbpedia.org/ontology/religion	50735
http://dbpedia.org/ontology/religiousHead	22
http://dbpedia.org/ontology/religiousHeadLabel	49
http://dbpedia.org/ontology/reopeningDate	23
http://dbpedia.org/ontology/reopeningYear	129
http://dbpedia.org/ontology/reportingMark	206
http://dbpedia.org/ontology/reservations	66
http://dbpedia.org/ontology/residence	69284
http://dbpedia.org/ontology/restingPlace	24384
http://dbpedia.org/ontology/restingPlacePosition	538
http://dbpedia.org/ontology/restoreDate	14
http://dbpedia.org/ontology/result	17684
http://dbpedia.org/ontology/retired	182
http://dbpedia.org/ontology/retiredRocket	129
http://dbpedia.org/ontology/revenue	9734
http://dbpedia.org/ontology/review	23
http://dbpedia.org/ontology/rgbCoordinateBlue	1082
http://dbpedia.org/ontology/rgbCoordinateGreen	1085
http://dbpedia.org/ontology/rgbCoordinateRed	1075
http://dbpedia.org/ontology/rightChild	1
http://dbpedia.org/ontology/rightTributary	3982
http://dbpedia.org/ontology/rival	1738
http://dbpedia.org/ontology/river	2650
http://dbpedia.org/ontology/riverBranch	31
http://dbpedia.org/ontology/riverBranchOf	39
http://dbpedia.org/ontology/riverMouth	13723
http://dbpedia.org/ontology/rkdArtistsId	1
http://dbpedia.org/ontology/rocketFunction	252
http://dbpedia.org/ontology/rocketStages	203
http://dbpedia.org/ontology/role	9160
http://dbpedia.org/ontology/rotationPeriod	2146
http://dbpedia.org/ontology/routeEnd	22006
http://dbpedia.org/ontology/routeEndDirection	16201
http://dbpedia.org/ontology/routeEndLocation	228
http://dbpedia.org/ontology/routeJunction	30513
http://dbpedia.org/ontology/routeNumber	18716
http://dbpedia.org/ontology/routeStart	22583
http://dbpedia.org/ontology/routeStartDirection	16226
http://dbpedia.org/ontology/routeStartLocation	238
http://dbpedia.org/ontology/routeTypeAbbreviation	18605
http://dbpedia.org/ontology/royalAnthem	16
http://dbpedia.org/ontology/runningMate	17
http://dbpedia.org/ontology/runtime	274334
http://dbpedia.org/ontology/runwayDesignation	17642
http://dbpedia.org/ontology/runwayLength	27841
http://dbpedia.org/ontology/runwaySurface	15003
http://dbpedia.org/ontology/ruralMunicipality	778
http://dbpedia.org/ontology/saint	2013
http://dbpedia.org/ontology/salary	406
http://dbpedia.org/ontology/sales	1983
http://dbpedia.org/ontology/satScore	5
http://dbpedia.org/ontology/satellitesDeployed	5
http://dbpedia.org/ontology/school	5614
http://dbpedia.org/ontology/schoolBoard	1927
http://dbpedia.org/ontology/schoolCode	376
http://dbpedia.org/ontology/schoolNumber	572
http://dbpedia.org/ontology/schoolPatron	291
http://dbpedia.org/ontology/season	10915
http://dbpedia.org/ontology/seasonNumber	7599
http://dbpedia.org/ontology/seatingCapacity	3046
http://dbpedia.org/ontology/secondCommander	519
http://dbpedia.org/ontology/secondDriver	1341
http://dbpedia.org/ontology/secondDriverCountry	97
http://dbpedia.org/ontology/secondLeader	3056
http://dbpedia.org/ontology/secondPopularVote	31
http://dbpedia.org/ontology/secondTeam	1322
http://dbpedia.org/ontology/secretaryGeneral	253
http://dbpedia.org/ontology/selection	583
http://dbpedia.org/ontology/selibrId	5
http://dbpedia.org/ontology/seniority	729
http://dbpedia.org/ontology/series	27450
http://dbpedia.org/ontology/service	7285
http://dbpedia.org/ontology/serviceEndYear	20857
http://dbpedia.org/ontology/serviceNumber	811
http://dbpedia.org/ontology/serviceStartYear	25896
http://dbpedia.org/ontology/servingRailwayLine	22048
http://dbpedia.org/ontology/servingSize	78
http://dbpedia.org/ontology/servingTemperature	808
http://dbpedia.org/ontology/settingOfPlay	1235
http://dbpedia.org/ontology/sex	4036
http://dbpedia.org/ontology/shareDate	547
http://dbpedia.org/ontology/shareOfAudience	1569
http://dbpedia.org/ontology/shareSource	1139
http://dbpedia.org/ontology/sheading	29
http://dbpedia.org/ontology/shipBeam	28794
http://dbpedia.org/ontology/shipDisplacement	5647
http://dbpedia.org/ontology/shipDraft	12017
http://dbpedia.org/ontology/shipLaunch	18006
http://dbpedia.org/ontology/shoeNumber	25
http://dbpedia.org/ontology/shoeSize	376
http://dbpedia.org/ontology/shoots	14315
http://dbpedia.org/ontology/shoreLength	1740
http://dbpedia.org/ontology/show	2
http://dbpedia.org/ontology/showJudge	2495
http://dbpedia.org/ontology/signature	1912
http://dbpedia.org/ontology/significantBuilding	2807
http://dbpedia.org/ontology/significantDesign	94
http://dbpedia.org/ontology/significantProject	1382
http://dbpedia.org/ontology/silverMedalist	6164
http://dbpedia.org/ontology/similar	971
http://dbpedia.org/ontology/sire	3099
http://dbpedia.org/ontology/sisterCollege	75
http://dbpedia.org/ontology/sisterNewspaper	918
http://dbpedia.org/ontology/sisterStation	37969
http://dbpedia.org/ontology/sixthFormStudents	15
http://dbpedia.org/ontology/slogan	18098
http://dbpedia.org/ontology/soundRecording	10943
http://dbpedia.org/ontology/source	2960
http://dbpedia.org/ontology/sourceConfluence	139
http://dbpedia.org/ontology/sourceConfluenceElevation	208
http://dbpedia.org/ontology/sourceConfluenceMountain	205
http://dbpedia.org/ontology/sourceConfluencePlace	205
http://dbpedia.org/ontology/sourceConfluencePosition	245
http://dbpedia.org/ontology/sourceConfluenceRegion	47
http://dbpedia.org/ontology/sourceConfluenceState	31
http://dbpedia.org/ontology/sourceCountry	12767
http://dbpedia.org/ontology/sourceElevation	4541
http://dbpedia.org/ontology/sourceMountain	6147
http://dbpedia.org/ontology/sourcePlace	6147
http://dbpedia.org/ontology/sourcePosition	4649
http://dbpedia.org/ontology/sourceRegion	1252
http://dbpedia.org/ontology/speaker	46
http://dbpedia.org/ontology/specialist	721
http://dbpedia.org/ontology/species	3310
http://dbpedia.org/ontology/speedLimit	1551
http://dbpedia.org/ontology/spike	187
http://dbpedia.org/ontology/splitFromParty	887
http://dbpedia.org/ontology/spokenIn	16678
http://dbpedia.org/ontology/spokesperson	122
http://dbpedia.org/ontology/sport	5873
http://dbpedia.org/ontology/sportCountry	187
http://dbpedia.org/ontology/sportGoverningBody	173
http://dbpedia.org/ontology/spouse	37781
http://dbpedia.org/ontology/squadNumber	245563
http://dbpedia.org/ontology/stadium	2503
http://dbpedia.org/ontology/staff	5205
http://dbpedia.org/ontology/starring	422637
http://dbpedia.org/ontology/startDate	10661
http://dbpedia.org/ontology/startPoint	221
http://dbpedia.org/ontology/startYearOfInsertion	6690
http://dbpedia.org/ontology/startYearOfSales	194
http://dbpedia.org/ontology/state	43597
http://dbpedia.org/ontology/stateOfOrigin	38461
http://dbpedia.org/ontology/stationStructure	7926
http://dbpedia.org/ontology/statisticLabel	47
http://dbpedia.org/ontology/statisticValue	49
http://dbpedia.org/ontology/statisticYear	2
http://dbpedia.org/ontology/status	47976
http://dbpedia.org/ontology/strength	34863
http://dbpedia.org/ontology/structuralSystem	217
http://dbpedia.org/ontology/stylisticOrigin	3639
http://dbpedia.org/ontology/subdivisions	5
http://dbpedia.org/ontology/subjectOfPlay	614
http://dbpedia.org/ontology/suborbitalFlights	4
http://dbpedia.org/ontology/subregion	438
http://dbpedia.org/ontology/subsequentInfrastructure	14
http://dbpedia.org/ontology/subsequentWork	159732
http://dbpedia.org/ontology/subsidiary	5321
http://dbpedia.org/ontology/subtitle	248
http://dbpedia.org/ontology/successfulLaunches	267
http://dbpedia.org/ontology/successor	114130
http://dbpedia.org/ontology/sudocId	58
http://dbpedia.org/ontology/summerAppearances	5
http://dbpedia.org/ontology/superintendent	43
http://dbpedia.org/ontology/supplementalDraftRound	59
http://dbpedia.org/ontology/supplementalDraftYear	57
http://dbpedia.org/ontology/supplies	260
http://dbpedia.org/ontology/suppreddedDate	1
http://dbpedia.org/ontology/surfaceArea	40
http://dbpedia.org/ontology/symbol	4271
http://dbpedia.org/ontology/synonym	253511
http://dbpedia.org/ontology/taoiseach	160
http://dbpedia.org/ontology/targetAirport	2864
http://dbpedia.org/ontology/teachingStaff	441
http://dbpedia.org/ontology/team	2007122
http://dbpedia.org/ontology/teamName	7463
http://dbpedia.org/ontology/teamSize	93
http://dbpedia.org/ontology/televisionSeries	2291
http://dbpedia.org/ontology/temperature	405
http://dbpedia.org/ontology/tenant	11149
http://dbpedia.org/ontology/tennisSurfaceType	933
http://dbpedia.org/ontology/termPeriod	148574
http://dbpedia.org/ontology/territory	2799
http://dbpedia.org/ontology/testaverage	71
http://dbpedia.org/ontology/thirdCommander	173
http://dbpedia.org/ontology/thirdDriver	1337
http://dbpedia.org/ontology/thirdDriverCountry	99
http://dbpedia.org/ontology/thirdTeam	1322
http://dbpedia.org/ontology/throwingSide	658
http://dbpedia.org/ontology/thumbnail	1695460
http://dbpedia.org/ontology/time	36444
http://dbpedia.org/ontology/timeInSpace	120
http://dbpedia.org/ontology/timeZone	377227
http://dbpedia.org/ontology/timeshiftChannel	276
http://dbpedia.org/ontology/title	247497
http://dbpedia.org/ontology/toll	242
http://dbpedia.org/ontology/topSpeed	18114
http://dbpedia.org/ontology/torqueOutput	3074
http://dbpedia.org/ontology/totalLaunches	362
http://dbpedia.org/ontology/totalPopulation	4645
http://dbpedia.org/ontology/totalTravellers	49
http://dbpedia.org/ontology/tournamentRecord	952
http://dbpedia.org/ontology/trackLength	792
http://dbpedia.org/ontology/trackNumber	2710
http://dbpedia.org/ontology/trainer	7574
http://dbpedia.org/ontology/training	6581
http://dbpedia.org/ontology/translator	1153
http://dbpedia.org/ontology/transmission	10932
http://dbpedia.org/ontology/trustee	18
http://dbpedia.org/ontology/tuition	1039
http://dbpedia.org/ontology/twinCountry	215
http://dbpedia.org/ontology/twinTown	626
http://dbpedia.org/ontology/type	403198
http://dbpedia.org/ontology/typeOfElectrification	1251
http://dbpedia.org/ontology/uciCode	387
http://dbpedia.org/ontology/ulanId	11
http://dbpedia.org/ontology/undraftedYear	5273
http://dbpedia.org/ontology/uniprot	1309
http://dbpedia.org/ontology/unitCost	1755
http://dbpedia.org/ontology/unitaryAuthority	346
http://dbpedia.org/ontology/unitedStatesNationalBridgeId	412
http://dbpedia.org/ontology/university	2795
http://dbpedia.org/ontology/upperAge	5711
http://dbpedia.org/ontology/usSales	1394
http://dbpedia.org/ontology/usedInWar	4836
http://dbpedia.org/ontology/usingCountry	457
http://dbpedia.org/ontology/utcOffset	445717
http://dbpedia.org/ontology/valvetrain	491
http://dbpedia.org/ontology/variantOf	4180
http://dbpedia.org/ontology/varietals	598
http://dbpedia.org/ontology/vehicle	185
http://dbpedia.org/ontology/vehiclesPerDay	601
http://dbpedia.org/ontology/vein	294
http://dbpedia.org/ontology/veneratedIn	5013
http://dbpedia.org/ontology/viafId	1599
http://dbpedia.org/ontology/viceChancellor	423
http://dbpedia.org/ontology/vicePresident	1005
http://dbpedia.org/ontology/vicePrimeMinister	29
http://dbpedia.org/ontology/vicePrincipal	20
http://dbpedia.org/ontology/vicePrincipalLabel	16
http://dbpedia.org/ontology/victim	154
http://dbpedia.org/ontology/victims	95
http://dbpedia.org/ontology/virtualChannel	397
http://dbpedia.org/ontology/visitorStatisticsAsOf	3771
http://dbpedia.org/ontology/visitorsPerYear	132
http://dbpedia.org/ontology/visitorsPercentageChange	1028
http://dbpedia.org/ontology/voice	11182
http://dbpedia.org/ontology/voiceType	116
http://dbpedia.org/ontology/voltageOfElectrification	740
http://dbpedia.org/ontology/volume	4082
http://dbpedia.org/ontology/volumeQuote	1
http://dbpedia.org/ontology/waistSize	394
http://dbpedia.org/ontology/watershed	2075
http://dbpedia.org/ontology/waterwayThroughTunnel	23
http://dbpedia.org/ontology/wavelength	14
http://dbpedia.org/ontology/webcast	9065
http://dbpedia.org/ontology/weight	80374
http://dbpedia.org/ontology/whaDraft	359
http://dbpedia.org/ontology/whaDraftTeam	349
http://dbpedia.org/ontology/wheelbase	5442
http://dbpedia.org/ontology/width	13316
http://dbpedia.org/ontology/widthQuote	2
http://dbpedia.org/ontology/wikiPageDisambiguates	1537180
http://dbpedia.org/ontology/wikiPageExternalLink	7772279
http://dbpedia.org/ontology/wikiPageID	15797811
http://dbpedia.org/ontology/wikiPageRedirects	7632358
http://dbpedia.org/ontology/wikiPageRevisionID	15797811
http://dbpedia.org/ontology/wineProduced	43
http://dbpedia.org/ontology/wineRegion	403
http://dbpedia.org/ontology/wins	1190
http://dbpedia.org/ontology/winsAtAsia	11
http://dbpedia.org/ontology/winsAtAus	6
http://dbpedia.org/ontology/winsAtChallenges	14
http://dbpedia.org/ontology/winsAtChampionships	7
http://dbpedia.org/ontology/winsAtJapan	15
http://dbpedia.org/ontology/winsAtLET	10
http://dbpedia.org/ontology/winsAtLPGA	7
http://dbpedia.org/ontology/winsAtMajors	30
http://dbpedia.org/ontology/winsAtNWIDE	8
http://dbpedia.org/ontology/winsAtOtherTournaments	10
http://dbpedia.org/ontology/winsAtPGA	14
http://dbpedia.org/ontology/winsAtProTournaments	4
http://dbpedia.org/ontology/winsInEurope	10
http://dbpedia.org/ontology/winterAppearances	3
http://dbpedia.org/ontology/worldChampionTitleYear	121
http://dbpedia.org/ontology/worstDefeat	62
http://dbpedia.org/ontology/writer	200969
http://dbpedia.org/ontology/year	40047
http://dbpedia.org/ontology/yearOfConstruction	49389
http://dbpedia.org/ontology/yearOfElectrification	1626
http://dbpedia.org/ontology/years	927710
http://dbpedia.org/ontology/youthWing	453
