dbo:Place;;;what is the abstract of <X>;SELECT ?x WHERE { <X> <http://dbpedia.org/ontology/abstract> ?x };SELECT ?a WHERE { ?a <http://dbpedia.org/ontology/abstract> [] . ?a a <http://dbpedia.org/ontology/Place> }
dbo:Place;;;what is the access of <X>;SELECT ?x WHERE { <X> <http://dbpedia.org/ontology/access> ?x };SELECT ?a WHERE { ?a <http://dbpedia.org/ontology/access> [] . ?a a <http://dbpedia.org/ontology/Place> }
dbo:Place;;;when is the end of active years of <X>;SELECT ?x WHERE { <X> <http://dbpedia.org/ontology/activeYearsEndDate> ?x };SELECT ?a WHERE { ?a <http://dbpedia.org/ontology/activeYearsEndDate> [] . ?a a <http://dbpedia.org/ontology/Place> }
dbo:Place;;;what is the end year of active years of <X>;SELECT ?x WHERE { <X> <http://dbpedia.org/ontology/activeYearsEndYear> ?x };SELECT ?a WHERE { ?a <http://dbpedia.org/ontology/activeYearsEndYear> [] . ?a a <http://dbpedia.org/ontology/Place> }
dbo:Place;;;when is the start of active years of <X>;SELECT ?x WHERE { <X> <http://dbpedia.org/ontology/activeYearsStartDate> ?x };SELECT ?a WHERE { ?a <http://dbpedia.org/ontology/activeYearsStartDate> [] . ?a a <http://dbpedia.org/ontology/Place> }
dbo:Place;;;when is the start year of active years of <X>;SELECT ?x WHERE { <X> <http://dbpedia.org/ontology/activeYearsStartYear> ?x };SELECT ?a WHERE { ?a <http://dbpedia.org/ontology/activeYearsStartYear> [] . ?a a <http://dbpedia.org/ontology/Place> }
dbo:Place;;;what is the address of <X>;SELECT ?x WHERE { <X> <http://dbpedia.org/ontology/address> ?x };SELECT ?a WHERE { ?a <http://dbpedia.org/ontology/address> [] . ?a a <http://dbpedia.org/ontology/Place> }
dbo:Place;;;what is the affiliation of <X>;SELECT ?x WHERE { <X> <http://dbpedia.org/ontology/affiliation> ?x };SELECT ?a WHERE { ?a <http://dbpedia.org/ontology/affiliation> [] . ?a a <http://dbpedia.org/ontology/Place> }
dbo:Place;;;what is the age range of <X>;SELECT ?x WHERE { <X> <http://dbpedia.org/ontology/ageRange> ?x };SELECT ?a WHERE { ?a <http://dbpedia.org/ontology/ageRange> [] . ?a a <http://dbpedia.org/ontology/Place> }
dbo:Place;;;what is the album of <X>;SELECT ?x WHERE { <X> <http://dbpedia.org/ontology/album> ?x };SELECT ?a WHERE { ?a <http://dbpedia.org/ontology/album> [] . ?a a <http://dbpedia.org/ontology/Place> }
dbo:Place;;;what is the alias of <X>;SELECT ?x WHERE { <X> <http://dbpedia.org/ontology/alias> ?x };SELECT ?a WHERE { ?a <http://dbpedia.org/ontology/alias> [] . ?a a <http://dbpedia.org/ontology/Place> }
dbo:Place;;;what is the alternative name of <X>;SELECT ?x WHERE { <X> <http://dbpedia.org/ontology/alternativeName> ?x };SELECT ?a WHERE { ?a <http://dbpedia.org/ontology/alternativeName> [] . ?a a <http://dbpedia.org/ontology/Place> }
dbo:Place;;;what is the animal of <X>;SELECT ?x WHERE { <X> <http://dbpedia.org/ontology/animal> ?x };SELECT ?a WHERE { ?a <http://dbpedia.org/ontology/animal> [] . ?a a <http://dbpedia.org/ontology/Place> }
dbo:Place;;;what is the anthem of <X>;SELECT ?x WHERE { <X> <http://dbpedia.org/ontology/anthem> ?x };SELECT ?a WHERE { ?a <http://dbpedia.org/ontology/anthem> [] . ?a a <http://dbpe0dia.org/ontology/Place> }
dbo:Place;;;who is the appointer of <X>;SELECT ?x WHERE { <X> <http://dbpedia.org/ontology/appointer> ?x };SELECT ?a WHERE { ?a <http://dbpedia.org/ontology/appointer> [] . ?a a <http://dbpedia.org/ontology/Place> }
dbo:Place;;;what is the area of <X>;SELECT ?x WHERE { <X> <http://dbpedia.org/ontology/area> ?x };SELECT ?a WHERE { ?a <http://dbpedia.org/ontology/area> [] . ?a a <http://dbpedia.org/ontology/Place> }
dbo:Place;;;what is the area code of <X>;SELECT ?x WHERE { <X> <http://dbpedia.org/ontology/areaCode> ?x };SELECT ?a WHERE { ?a <http://dbpedia.org/ontology/areaCode> [] . ?a a <http://dbpedia.org/ontology/Place> }
dbo:Place;;;what is the land area of <X>;SELECT ?x WHERE { <X> <http://dbpedia.org/ontology/areaLand> ?x };SELECT ?a WHERE { ?a <http://dbpedia.org/ontology/areaLand> [] . ?a a <http://dbpedia.org/ontology/Place> }
dbo:Place;;;what is the metro are of <X>;SELECT ?x WHERE { <X> <http://dbpedia.org/ontology/areaMetro> ?x };SELECT ?a WHERE { ?a <http://dbpedia.org/ontology/areaMetro> [] . ?a a <http://dbpedia.org/ontology/Place> }
dbo:Place;;;what is the area of catchment quote of <X>;SELECT ?x WHERE { <X> <http://dbpedia.org/ontology/areaOfCatchmentQuote> ?x };SELECT ?a WHERE { ?a <http://dbpedia.org/ontology/areaOfCatchmentQuote> [] . ?a a <http://dbpedia.org/ontology/Place> }
dbo:Place;;;what is the area quote of <X>;SELECT ?x WHERE { <X> <http://dbpedia.org/ontology/areaQuote> ?x };SELECT ?a WHERE { ?a <http://dbpedia.org/ontology/areaQuote> [] . ?a a <http://dbpedia.org/ontology/Place> }
dbo:Place;;;what is the area total of <X>;SELECT ?x WHERE { <X> <http://dbpedia.org/ontology/areaTotal> ?x };SELECT ?a WHERE { ?a <http://dbpedia.org/ontology/areaTotal> [] . ?a a <http://dbpedia.org/ontology/Place> }
dbo:Place;;;what is the area water of <X>;SELECT ?x WHERE { <X> <http://dbpedia.org/ontology/areaWater> ?x };SELECT ?a WHERE { ?a <http://dbpedia.org/ontology/areaWater> [] . ?a a <http://dbpedia.org/ontology/Place> }
dbo:Place;;;who is the associate of <X>;SELECT ?x WHERE { <X> <http://dbpedia.org/ontology/associate> ?x };SELECT ?a WHERE { ?a <http://dbpedia.org/ontology/associate> [] . ?a a <http://dbpedia.org/ontology/Place> }
dbo:Place;;;what is the associated band of <X>;SELECT ?x WHERE { <X> <http://dbpedia.org/ontology/associatedBand> ?x };SELECT ?a WHERE { ?a <http://dbpedia.org/ontology/associatedBand> [] . ?a a <http://dbpedia.org/ontology/Place> }
dbo:Place;;;what is the associated musical artist of <X>;SELECT ?x WHERE { <X> <http://dbpedia.org/ontology/associatedMusicalArtist> ?x };SELECT ?a WHERE { ?a <http://dbpedia.org/ontology/associatedMusicalArtist> [] . ?a a <http://dbpedia.org/ontology/Place> }
dbo:Place;;;what is the ATC prefix of <X>;SELECT ?x WHERE { <X> <http://dbpedia.org/ontology/atcPrefix> ?x };SELECT ?a WHERE { ?a <http://dbpedia.org/ontology/atcPrefix> [] . ?a a <http://dbpedia.org/ontology/Place> }
dbo:Place;;;what is the ATC suffix of <X>;SELECT ?x WHERE { <X> <http://dbpedia.org/ontology/atcSuffix> ?x };SELECT ?a WHERE { ?a <http://dbpedia.org/ontology/atcSuffix> [] . ?a a <http://dbpedia.org/ontology/Place> }
dbo:Place;;;what is the authority of <X>;SELECT ?x WHERE { <X> <http://dbpedia.org/ontology/authority> ?x };SELECT ?a WHERE { ?a <http://dbpedia.org/ontology/authority> [] . ?a a <http://dbpedia.org/ontology/Place> }
dbo:Place;;;what is the average depth of <X>;SELECT ?x WHERE { <X> <http://dbpedia.org/ontology/averageDepth> ?x };SELECT ?a WHERE { ?a <http://dbpedia.org/ontology/averageDepth> [] . ?a a <http://dbpedia.org/ontology/Place> }
dbo:Place;;;what is the average depth quote of <X>;SELECT ?x WHERE { <X> <http://dbpedia.org/ontology/averageDepthQuote> ?x };SELECT ?a WHERE { ?a <http://dbpedia.org/ontology/averageDepthQuote> [] . ?a a <http://dbpedia.org/ontology/Place> }
dbo:Place;;;what is the average speed of <X>;SELECT ?x WHERE { <X> <http://dbpedia.org/ontology/averageSpeed> ?x };SELECT ?a WHERE { ?a <http://dbpedia.org/ontology/averageSpeed> [] . ?a a <http://dbpedia.org/ontology/Place> }
dbo:Place;;;what is the award of <X>;SELECT ?x WHERE { <X> <http://dbpedia.org/ontology/award> ?x };SELECT ?a WHERE { ?a <http://dbpedia.org/ontology/award> [] . ?a a <http://dbpedia.org/ontology/Place> }
dbo:Place;;;what is the background of <X>;SELECT ?x WHERE { <X> <http://dbpedia.org/ontology/background> ?x };SELECT ?a WHERE { ?a <http://dbpedia.org/ontology/background> [] . ?a a <http://dbpedia.org/ontology/Place> }
dbo:Place;;;what is the battle of <X>;SELECT ?x WHERE { <X> <http://dbpedia.org/ontology/battle> ?x };SELECT ?a WHERE { ?a <http://dbpedia.org/ontology/battle> [] . ?a a <http://dbpedia.org/ontology/Place> }
dbo:Place;;;what is the BIBSYS Id of <X>;SELECT ?x WHERE { <X> <http://dbpedia.org/ontology/bibsysId> ?x };SELECT ?a WHERE { ?a <http://dbpedia.org/ontology/bibsysId> [] . ?a a <http://dbpedia.org/ontology/Place> }
dbo:Place;;;what is the biome of <X>;SELECT ?x WHERE { <X> <http://dbpedia.org/ontology/biome> ?x };SELECT ?a WHERE { ?a <http://dbpedia.org/ontology/biome> [] . ?a a <http://dbpedia.org/ontology/Place> }
dbo:Place;;;what is the BNF Id of <X>;SELECT ?x WHERE { <X> <http://dbpedia.org/ontology/bnfId> ?x };SELECT ?a WHERE { ?a <http://dbpedia.org/ontology/bnfId> [] . ?a a <http://dbpedia.org/ontology/Place> }
dbo:Place;;;what is the border of <X>;SELECT ?x WHERE { <X> <http://dbpedia.org/ontology/border> ?x };SELECT ?a WHERE { ?a <http://dbpedia.org/ontology/border> [] . ?a a <http://dbpedia.org/ontology/Place> }
dbo:Place;;;what is the BPN Id of <X>;SELECT ?x WHERE { <X> <http://dbpedia.org/ontology/bpnId> ?x };SELECT ?a WHERE { ?a <http://dbpedia.org/ontology/bpnId> [] . ?a a <http://dbpedia.org/ontology/Place> }
dbo:Place;;;what is the budget of <X>;SELECT ?x WHERE { <X> <http://dbpedia.org/ontology/budget> ?x };SELECT ?a WHERE { ?a <http://dbpedia.org/ontology/budget> [] . ?a a <http://dbpedia.org/ontology/Place> }
dbo:Place;;;who is the builder of <X>;SELECT ?x WHERE { <X> <http://dbpedia.org/ontology/builder> ?x };SELECT ?a WHERE { ?a <http://dbpedia.org/ontology/builder> [] . ?a a <http://dbpedia.org/ontology/Place> }
dbo:Place;;;what is the building end date of <X>;SELECT ?x WHERE { <X> <http://dbpedia.org/ontology/buildingEndDate> ?x };SELECT ?a WHERE { ?a <http://dbpedia.org/ontology/buildingEndDate> [] . ?a a <http://dbpedia.org/ontology/Place> }
dbo:Place;;;what is the building start date of <X>;SELECT ?x WHERE { <X> <http://dbpedia.org/ontology/buildingStartDate> ?x };SELECT ?a WHERE { ?a <http://dbpedia.org/ontology/buildingStartDate> [] . ?a a <http://dbpedia.org/ontology/Place> }
dbo:Place;;;what is the call sign of <X>;SELECT ?x WHERE { <X> <http://dbpedia.org/ontology/callSign> ?x };SELECT ?a WHERE { ?a <http://dbpedia.org/ontology/callSign> [] . ?a a <http://dbpedia.org/ontology/Place> }
dbo:Place;;;what is the capacity of <X>;SELECT ?x WHERE { <X> <http://dbpedia.org/ontology/capacity> ?x };SELECT ?a WHERE { ?a <http://dbpedia.org/ontology/capacity> [] . ?a a <http://dbpedia.org/ontology/Place> }
dbo:Place;;;what is the CAS number of <X>;SELECT ?x WHERE { <X> <http://dbpedia.org/ontology/casNumber> ?x };SELECT ?a WHERE { ?a <http://dbpedia.org/ontology/casNumber> [] . ?a a <http://dbpedia.org/ontology/Place> }
dbo:Place;;;what is the CAS supplemental of <X>;SELECT ?x WHERE { <X> <http://dbpedia.org/ontology/casSupplemental> ?x };SELECT ?a WHERE { ?a <http://dbpedia.org/ontology/casSupplemental> [] . ?a a <http://dbpedia.org/ontology/Place> }
dbo:Place;;;what is the category of <X>;SELECT ?x WHERE { <X> <http://dbpedia.org/ontology/category> ?x };SELECT ?a WHERE { ?a <http://dbpedia.org/ontology/category> [] . ?a a <http://dbpedia.org/ontology/Place> }
dbo:Place;;;what is the chain of <X>;SELECT ?x WHERE { <X> <http://dbpedia.org/ontology/chain> ?x };SELECT ?a WHERE { ?a <http://dbpedia.org/ontology/chain> [] . ?a a <http://dbpedia.org/ontology/Place> }
dbo:Place;;;what is the chair label of <X>;SELECT ?x WHERE { <X> <http://dbpedia.org/ontology/chairLabel> ?x };SELECT ?a WHERE { ?a <http://dbpedia.org/ontology/chairLabel> [] . ?a a <http://dbpedia.org/ontology/Place> }
dbo:Place;;;who is the chairman of <X>;SELECT ?x WHERE { <X> <http://dbpedia.org/ontology/chairman> ?x };SELECT ?a WHERE { ?a <http://dbpedia.org/ontology/chairman> [] . ?a a <http://dbpedia.org/ontology/Place> }
dbo:Place;;;who is the chancellor of <X>;SELECT ?x WHERE { <X> <http://dbpedia.org/ontology/chancellor> ?x };SELECT ?a WHERE { ?a <http://dbpedia.org/ontology/chancellor> [] . ?a a <http://dbpedia.org/ontology/Place> }
dbo:Place;;;what is the channel of <X>;SELECT ?x WHERE { <X> <http://dbpedia.org/ontology/channel> ?x };SELECT ?a WHERE { ?a <http://dbpedia.org/ontology/channel> [] . ?a a <http://dbpedia.org/ontology/Place> }
dbo:Place;;;what is the city of <X>;SELECT ?x WHERE { <X> <http://dbpedia.org/ontology/city> ?x };SELECT ?a WHERE { ?a <http://dbpedia.org/ontology/city> [] . ?a a <http://dbpedia.org/ontology/Place> }
dbo:Place;;;what is the class of <X>;SELECT ?x WHERE { <X> <http://dbpedia.org/ontology/class> ?x };SELECT ?a WHERE { ?a <http://dbpedia.org/ontology/class> [] . ?a a <http://dbpedia.org/ontology/Place> }
dbo:Place;;;what is the closing date of <X>;SELECT ?x WHERE { <X> <http://dbpedia.org/ontology/closingDate> ?x };SELECT ?a WHERE { ?a <http://dbpedia.org/ontology/closingDate> [] . ?a a <http://dbpedia.org/ontology/Place> }
dbo:Place;;;what is the closing year of <X>;SELECT ?x WHERE { <X> <http://dbpedia.org/ontology/closingYear> ?x };SELECT ?a WHERE { ?a <http://dbpedia.org/ontology/closingYear> [] . ?a a <http://dbpedia.org/ontology/Place> }
dbo:Place;;;what is the coach of <X>;SELECT ?x WHERE { <X> <http://dbpedia.org/ontology/coach> ?x };SELECT ?a WHERE { ?a <http://dbpedia.org/ontology/coach> [] . ?a a <http://dbpedia.org/ontology/Place> }
dbo:Place;;;what is the coached team of <X>;SELECT ?x WHERE { <X> <http://dbpedia.org/ontology/coachedTeam> ?x };SELECT ?a WHERE { ?a <http://dbpedia.org/ontology/coachedTeam> [] . ?a a <http://dbpedia.org/ontology/Place> }
dbo:Place;;;what is the code of <X>;SELECT ?x WHERE { <X> <http://dbpedia.org/ontology/code> ?x };SELECT ?a WHERE { ?a <http://dbpedia.org/ontology/code> [] . ?a a <http://dbpedia.org/ontology/Place> }
dbo:Place;;;what is the colour of <X>;SELECT ?x WHERE { <X> <http://dbpedia.org/ontology/colour> ?x };SELECT ?a WHERE { ?a <http://dbpedia.org/ontology/colour> [] . ?a a <http://dbpedia.org/ontology/Place> }
dbo:Place;;;what is the colour hex code of <X>;SELECT ?x WHERE { <X> <http://dbpedia.org/ontology/colourHexCode> ?x };SELECT ?a WHERE { ?a <http://dbpedia.org/ontology/colourHexCode> [] . ?a a <http://dbpedia.org/ontology/Place> }
dbo:Place;;;what is the colour name of <X>;SELECT ?x WHERE { <X> <http://dbpedia.org/ontology/colourName> ?x };SELECT ?a WHERE { ?a <http://dbpedia.org/ontology/colourName> [] . ?a a <http://dbpedia.org/ontology/Place> }
dbo:Place;;;who is the commander of <X>;SELECT ?x WHERE { <X> <http://dbpedia.org/ontology/commander> ?x };SELECT ?a WHERE { ?a <http://dbpedia.org/ontology/commander> [] . ?a a <http://dbpedia.org/ontology/Place> }
dbo:Place;;;what is the committee of <X>;SELECT ?x WHERE { <X> <http://dbpedia.org/ontology/committee> ?x };SELECT ?a WHERE { ?a <http://dbpedia.org/ontology/committee> [] . ?a a <http://dbpedia.org/ontology/Place> }
dbo:Place;;;what is the common name of <X>;SELECT ?x WHERE { <X> <http://dbpedia.org/ontology/commonName> ?x };SELECT ?a WHERE { ?a <http://dbpedia.org/ontology/commonName> [] . ?a a <http://dbpedia.org/ontology/Place> }
dbo:Place;;;what is the company of <X>;SELECT ?x WHERE { <X> <http://dbpedia.org/ontology/company> ?x };SELECT ?a WHERE { ?a <http://dbpedia.org/ontology/company> [] . ?a a <http://dbpedia.org/ontology/Place> }
dbo:Place;;;what is the connotation of <X>;SELECT ?x WHERE { <X> <http://dbpedia.org/ontology/connotation> ?x };SELECT ?a WHERE { ?a <http://dbpedia.org/ontology/connotation> [] . ?a a <http://dbpedia.org/ontology/Place> }
dbo:Place;;;what is the COSPAR id of <X>;SELECT ?x WHERE { <X> <http://dbpedia.org/ontology/cosparId> ?x };SELECT ?a WHERE { ?a <http://dbpedia.org/ontology/cosparId> [] . ?a a <http://dbpedia.org/ontology/Place> }
dbo:Place;;;what is the cost of <X>;SELECT ?x WHERE { <X> <http://dbpedia.org/ontology/cost> ?x };SELECT ?a WHERE { ?a <http://dbpedia.org/ontology/cost> [] . ?a a <http://dbpedia.org/ontology/Place> }
dbo:Place;;;what is the country of <X>;SELECT ?x WHERE { <X> <http://dbpedia.org/ontology/country> ?x };SELECT ?a WHERE { ?a <http://dbpedia.org/ontology/country> [] . ?a a <http://dbpedia.org/ontology/Place> }
dbo:Place;;;what is the county of <X>;SELECT ?x WHERE { <X> <http://dbpedia.org/ontology/county> ?x };SELECT ?a WHERE { ?a <http://dbpedia.org/ontology/county> [] . ?a a <http://dbpedia.org/ontology/Place> }
dbo:Place;;;what is the CPU of <X>;SELECT ?x WHERE { <X> <http://dbpedia.org/ontology/cpu> ?x };SELECT ?a WHERE { ?a <http://dbpedia.org/ontology/cpu> [] . ?a a <http://dbpedia.org/ontology/Place> }
dbo:Place;;;who is the creator (agent) of <X>;SELECT ?x WHERE { <X> <http://dbpedia.org/ontology/creator> ?x };SELECT ?a WHERE { ?a <http://dbpedia.org/ontology/creator> [] . ?a a <http://dbpedia.org/ontology/Place> }
dbo:Place;;;what is the cuisine of <X>;SELECT ?x WHERE { <X> <http://dbpedia.org/ontology/cuisine> ?x };SELECT ?a WHERE { ?a <http://dbpedia.org/ontology/cuisine> [] . ?a a <http://dbpedia.org/ontology/Place> }
dbo:Place;;;what is the currency of <X>;SELECT ?x WHERE { <X> <http://dbpedia.org/ontology/currency> ?x };SELECT ?a WHERE { ?a <http://dbpedia.org/ontology/currency> [] . ?a a <http://dbpedia.org/ontology/Place> }
dbo:Place;;;what is the current status of <X>;SELECT ?x WHERE { <X> <http://dbpedia.org/ontology/currentStatus> ?x };SELECT ?a WHERE { ?a <http://dbpedia.org/ontology/currentStatus> [] . ?a a <http://dbpedia.org/ontology/Place> }
dbo:Place;;;what is the date of <X>;SELECT ?x WHERE { <X> <http://dbpedia.org/ontology/date> ?x };SELECT ?a WHERE { ?a <http://dbpedia.org/ontology/date> [] . ?a a <http://dbpedia.org/ontology/Place> }
dbo:Place;;;what is the date of abandonment of <X>;SELECT ?x WHERE { <X> <http://dbpedia.org/ontology/dateOfAbandonment> ?x };SELECT ?a WHERE { ?a <http://dbpedia.org/ontology/dateOfAbandonment> [] . ?a a <http://dbpedia.org/ontology/Place> }
dbo:Place;;;what is the daylight saving time zone of <X>;SELECT ?x WHERE { <X> <http://dbpedia.org/ontology/daylightSavingTimeZone> ?x };SELECT ?a WHERE { ?a <http://dbpedia.org/ontology/daylightSavingTimeZone> [] . ?a a <http://dbpedia.org/ontology/Place> }
dbo:Place;;;what is the creator (literal) of <X>;SELECT ?x WHERE { <X> <http://purl.org/dc/terms/creator> ?x };SELECT ?a WHERE { ?a <http://purl.org/dc/terms/creator> [] . ?a a <http://dbpedia.org/ontology/Place> }
dbo:Place;;;what is the language (literal) of <X>;SELECT ?x WHERE { <X> <http://purl.org/dc/elements/1.1/language> ?x };SELECT ?a WHERE { ?a <http://purl.org/dc/elements/1.1/language> [] . ?a a <http://dbpedia.org/ontology/Place> }
dbo:Place;;;what is the rights of <X>;SELECT ?x WHERE { <X> <http://purl.org/dc/elements/1.1/rights> ?x };SELECT ?a WHERE { ?a <http://purl.org/dc/elements/1.1/rights> [] . ?a a <http://dbpedia.org/ontology/Place> }
dbo:Place;;;what is the subject of <X>;SELECT ?x WHERE { <X> <http://purl.org/dc/elements/1.1/subject> ?x };SELECT ?a WHERE { ?a <http://purl.org/dc/elements/1.1/subject> [] . ?a a <http://dbpedia.org/ontology/Place> }
dbo:Place;;;what is the type (literal) of <X>;SELECT ?x WHERE { <X> <http://purl.org/dc/elements/1.1/type> ?x };SELECT ?a WHERE { ?a <http://purl.org/dc/elements/1.1/type> [] . ?a a <http://dbpedia.org/ontology/Place> }
dbo:Place;;;what is the Description of <X>;SELECT ?x WHERE { <X> <http://purl.org/dc/terms/description> ?x };SELECT ?a WHERE { ?a <http://purl.org/dc/terms/description> [] . ?a a <http://dbpedia.org/ontology/Place> }
dbo:Place;;;what is the modified of <X>;SELECT ?x WHERE { <X> <http://purl.org/dc/terms/modified> ?x };SELECT ?a WHERE { ?a <http://purl.org/dc/terms/modified> [] . ?a a <http://dbpedia.org/ontology/Place> }
dbo:Place;;;what is the subject of <X>;SELECT ?x WHERE { <X> <http://purl.org/dc/terms/subject> ?x };SELECT ?a WHERE { ?a <http://purl.org/dc/terms/subject> [] . ?a a <http://dbpedia.org/ontology/Place> }
dbo:Place;;;what is the delivery date of <X>;SELECT ?x WHERE { <X> <http://dbpedia.org/ontology/deliveryDate> ?x };SELECT ?a WHERE { ?a <http://dbpedia.org/ontology/deliveryDate> [] . ?a a <http://dbpedia.org/ontology/Place> }
dbo:Place;;;what is the demonym of <X>;SELECT ?x WHERE { <X> <http://dbpedia.org/ontology/demonym> ?x };SELECT ?a WHERE { ?a <http://dbpedia.org/ontology/demonym> [] . ?a a <http://dbpedia.org/ontology/Place> }
dbo:Place;;;what is the density of <X>;SELECT ?x WHERE { <X> <http://dbpedia.org/ontology/density> ?x };SELECT ?a WHERE { ?a <http://dbpedia.org/ontology/density> [] . ?a a <http://dbpedia.org/ontology/Place> }
dbo:Place;;;what is the depiction description (caption) of <X>;SELECT ?x WHERE { <X> <http://dbpedia.org/ontology/depictionDescription> ?x };SELECT ?a WHERE { ?a <http://dbpedia.org/ontology/depictionDescription> [] . ?a a <http://dbpedia.org/ontology/Place> }
dbo:Place;;;what is the depth of <X>;SELECT ?x WHERE { <X> <http://dbpedia.org/ontology/depth> ?x };SELECT ?a WHERE { ?a <http://dbpedia.org/ontology/depth> [] . ?a a <http://dbpedia.org/ontology/Place> }
dbo:Place;;;who is the deputy of <X>;SELECT ?x WHERE { <X> <http://dbpedia.org/ontology/deputy> ?x };SELECT ?a WHERE { ?a <http://dbpedia.org/ontology/deputy> [] . ?a a <http://dbpedia.org/ontology/Place> }
dbo:Place;;;what is the description of <X>;SELECT ?x WHERE { <X> <http://dbpedia.org/ontology/description> ?x };SELECT ?a WHERE { ?a <http://dbpedia.org/ontology/description> [] . ?a a <http://dbpedia.org/ontology/Place> }
dbo:Place;;;what is the designer company of <X>;SELECT ?x WHERE { <X> <http://dbpedia.org/ontology/designCompany> ?x };SELECT ?a WHERE { ?a <http://dbpedia.org/ontology/designCompany> [] . ?a a <http://dbpedia.org/ontology/Place> }
dbo:Place;;;who is the designer of <X>;SELECT ?x WHERE { <X> <http://dbpedia.org/ontology/designer> ?x };SELECT ?a WHERE { ?a <http://dbpedia.org/ontology/designer> [] . ?a a <http://dbpedia.org/ontology/Place> }
dbo:Place;;;what is the destruction date of <X>;SELECT ?x WHERE { <X> <http://dbpedia.org/ontology/destructionDate> ?x };SELECT ?a WHERE { ?a <http://dbpedia.org/ontology/destructionDate> [] . ?a a <http://dbpedia.org/ontology/Place> }
dbo:Place;;;what is the developer of <X>;SELECT ?x WHERE { <X> <http://dbpedia.org/ontology/developer> ?x };SELECT ?a WHERE { ?a <http://dbpedia.org/ontology/developer> [] . ?a a <http://dbpedia.org/ontology/Place> }
dbo:Place;;;what is the diameter of <X>;SELECT ?x WHERE { <X> <http://dbpedia.org/ontology/diameter> ?x };SELECT ?a WHERE { ?a <http://dbpedia.org/ontology/diameter> [] . ?a a <http://dbpedia.org/ontology/Place> }
dbo:Place;;;who is the discoverer of <X>;SELECT ?x WHERE { <X> <http://dbpedia.org/ontology/discoverer> ?x };SELECT ?a WHERE { ?a <http://dbpedia.org/ontology/discoverer> [] . ?a a <http://dbpedia.org/ontology/Place> }
dbo:Place;;;what is the distance of <X>;SELECT ?x WHERE { <X> <http://dbpedia.org/ontology/distance> ?x };SELECT ?a WHERE { ?a <http://dbpedia.org/ontology/distance> [] . ?a a <http://dbpedia.org/ontology/Place> }
dbo:Place;;;what is the distributor of <X>;SELECT ?x WHERE { <X> <http://dbpedia.org/ontology/distributor> ?x };SELECT ?a WHERE { ?a <http://dbpedia.org/ontology/distributor> [] . ?a a <http://dbpedia.org/ontology/Place> }
dbo:Place;;;what is the district of <X>;SELECT ?x WHERE { <X> <http://dbpedia.org/ontology/district> ?x };SELECT ?a WHERE { ?a <http://dbpedia.org/ontology/district> [] . ?a a <http://dbpedia.org/ontology/Place> }
dbo:Place;;;what is the division of <X>;SELECT ?x WHERE { <X> <http://dbpedia.org/ontology/division> ?x };SELECT ?a WHERE { ?a <http://dbpedia.org/ontology/division> [] . ?a a <http://dbpedia.org/ontology/Place> }
dbo:Place;;;what is the draft of <X>;SELECT ?x WHERE { <X> <http://dbpedia.org/ontology/draft> ?x };SELECT ?a WHERE { ?a <http://dbpedia.org/ontology/draft> [] . ?a a <http://dbpedia.org/ontology/Place> }
dbo:Place;;;what is the draft year of <X>;SELECT ?x WHERE { <X> <http://dbpedia.org/ontology/draftYear> ?x };SELECT ?a WHERE { ?a <http://dbpedia.org/ontology/draftYear> [] . ?a a <http://dbpedia.org/ontology/Place> }
dbo:Place;;;what is the DrugBank of <X>;SELECT ?x WHERE { <X> <http://dbpedia.org/ontology/drugbank> ?x };SELECT ?a WHERE { ?a <http://dbpedia.org/ontology/drugbank> [] . ?a a <http://dbpedia.org/ontology/Place> }
dbo:Place;;;what is the duration of <X>;SELECT ?x WHERE { <X> <http://dbpedia.org/ontology/duration> ?x };SELECT ?a WHERE { ?a <http://dbpedia.org/ontology/duration> [] . ?a a <http://dbpedia.org/ontology/Place> }
dbo:Place;;;what is the editor of <X>;SELECT ?x WHERE { <X> <http://dbpedia.org/ontology/editor> ?x };SELECT ?a WHERE { ?a <http://dbpedia.org/ontology/editor> [] . ?a a <http://dbpedia.org/ontology/Place> }
dbo:Place;;;what is the election majority of <X>;SELECT ?x WHERE { <X> <http://dbpedia.org/ontology/electionMajority> ?x };SELECT ?a WHERE { ?a <http://dbpedia.org/ontology/electionMajority> [] . ?a a <http://dbpedia.org/ontology/Place> }
dbo:Place;;;what is the elevation of <X>;SELECT ?x WHERE { <X> <http://dbpedia.org/ontology/elevation> ?x };SELECT ?a WHERE { ?a <http://dbpedia.org/ontology/elevation> [] . ?a a <http://dbpedia.org/ontology/Place> }
dbo:Place;;;what is the elevation quote of <X>;SELECT ?x WHERE { <X> <http://dbpedia.org/ontology/elevationQuote> ?x };SELECT ?a WHERE { ?a <http://dbpedia.org/ontology/elevationQuote> [] . ?a a <http://dbpedia.org/ontology/Place> }
dbo:Place;;;what is the end point of <X>;SELECT ?x WHERE { <X> <http://dbpedia.org/ontology/endPoint> ?x };SELECT ?a WHERE { ?a <http://dbpedia.org/ontology/endPoint> [] . ?a a <http://dbpedia.org/ontology/Place> }
dbo:Place;;;what is the engineer of <X>;SELECT ?x WHERE { <X> <http://dbpedia.org/ontology/engineer> ?x };SELECT ?a WHERE { ?a <http://dbpedia.org/ontology/engineer> [] . ?a a <http://dbpedia.org/ontology/Place> }
dbo:Place;;;what is the era of <X>;SELECT ?x WHERE { <X> <http://dbpedia.org/ontology/era> ?x };SELECT ?a WHERE { ?a <http://dbpedia.org/ontology/era> [] . ?a a <http://dbpedia.org/ontology/Place> }
dbo:Place;;;what is the ethnic groups in year of <X>;SELECT ?x WHERE { <X> <http://dbpedia.org/ontology/ethnicGroupsInYear> ?x };SELECT ?a WHERE { ?a <http://dbpedia.org/ontology/ethnicGroupsInYear> [] . ?a a <http://dbpedia.org/ontology/Place> }
dbo:Place;;;what is the event of <X>;SELECT ?x WHERE { <X> <http://dbpedia.org/ontology/event> ?x };SELECT ?a WHERE { ?a <http://dbpedia.org/ontology/event> [] . ?a a <http://dbpedia.org/ontology/Place> }
dbo:Place;;;what is the executive producer of <X>;SELECT ?x WHERE { <X> <http://dbpedia.org/ontology/executiveProducer> ?x };SELECT ?a WHERE { ?a <http://dbpedia.org/ontology/executiveProducer> [] . ?a a <http://dbpedia.org/ontology/Place> }
dbo:Place;;;what is the extinction date of <X>;SELECT ?x WHERE { <X> <http://dbpedia.org/ontology/extinctionDate> ?x };SELECT ?a WHERE { ?a <http://dbpedia.org/ontology/extinctionDate> [] . ?a a <http://dbpedia.org/ontology/Place> }
dbo:Place;;;what is the failed launches of <X>;SELECT ?x WHERE { <X> <http://dbpedia.org/ontology/failedLaunches> ?x };SELECT ?a WHERE { ?a <http://dbpedia.org/ontology/failedLaunches> [] . ?a a <http://dbpedia.org/ontology/Place> }
dbo:Place;;;what is the FDA UNII code of <X>;SELECT ?x WHERE { <X> <http://dbpedia.org/ontology/fdaUniiCode> ?x };SELECT ?a WHERE { ?a <http://dbpedia.org/ontology/fdaUniiCode> [] . ?a a <http://dbpedia.org/ontology/Place> }
dbo:Place;;;what is the feast day of <X>;SELECT ?x WHERE { <X> <http://dbpedia.org/ontology/feastDay> ?x };SELECT ?a WHERE { ?a <http://dbpedia.org/ontology/feastDay> [] . ?a a <http://dbpedia.org/ontology/Place> }
dbo:Place;;;what is the firstLeader of <X>;SELECT ?x WHERE { <X> <http://dbpedia.org/ontology/firstLeader> ?x };SELECT ?a WHERE { ?a <http://dbpedia.org/ontology/firstLeader> [] . ?a a <http://dbpedia.org/ontology/Place> }
dbo:Place;;;what is the firstPopularVote of <X>;SELECT ?x WHERE { <X> <http://dbpedia.org/ontology/firstPopularVote> ?x };SELECT ?a WHERE { ?a <http://dbpedia.org/ontology/firstPopularVote> [] . ?a a <http://dbpedia.org/ontology/Place> }
dbo:Place;;;what is the flag (image) of <X>;SELECT ?x WHERE { <X> <http://dbpedia.org/ontology/flag> ?x };SELECT ?a WHERE { ?a <http://dbpedia.org/ontology/flag> [] . ?a a <http://dbpedia.org/ontology/Place> }
dbo:Place;;;what is the flooding date of <X>;SELECT ?x WHERE { <X> <http://dbpedia.org/ontology/floodingDate> ?x };SELECT ?a WHERE { ?a <http://dbpedia.org/ontology/floodingDate> [] . ?a a <http://dbpedia.org/ontology/Place> }
dbo:Place;;;what is the depiction from http://xmlns.com/foaf/spec/#term_depiction of <X>;SELECT ?x WHERE { <X> <http://xmlns.com/foaf/0.1/depiction> ?x };SELECT ?a WHERE { ?a <http://xmlns.com/foaf/0.1/depiction> [] . ?a a <http://dbpedia.org/ontology/Place> }
dbo:Place;;;what is the family name of <X>;SELECT ?x WHERE { <X> <http://xmlns.com/foaf/0.1/familyName> ?x };SELECT ?a WHERE { ?a <http://xmlns.com/foaf/0.1/familyName> [] . ?a a <http://dbpedia.org/ontology/Place> }
dbo:Place;;;what is the gender of <X>;SELECT ?x WHERE { <X> <http://xmlns.com/foaf/0.1/gender> ?x };SELECT ?a WHERE { ?a <http://xmlns.com/foaf/0.1/gender> [] . ?a a <http://dbpedia.org/ontology/Place> }
dbo:Place;;;what is the given name of <X>;SELECT ?x WHERE { <X> <http://xmlns.com/foaf/0.1/givenName> ?x };SELECT ?a WHERE { ?a <http://xmlns.com/foaf/0.1/givenName> [] . ?a a <http://dbpedia.org/ontology/Place> }
dbo:Place;;;what is the A document that this thing is the primary topic of. of <X>;SELECT ?x WHERE { <X> <http://xmlns.com/foaf/0.1/isPrimaryTopicOf> ?x };SELECT ?a WHERE { ?a <http://xmlns.com/foaf/0.1/isPrimaryTopicOf> [] . ?a a <http://dbpedia.org/ontology/Place> }
dbo:Place;;;what is the logo of <X>;SELECT ?x WHERE { <X> <http://xmlns.com/foaf/0.1/logo> ?x };SELECT ?a WHERE { ?a <http://xmlns.com/foaf/0.1/logo> [] . ?a a <http://dbpedia.org/ontology/Place> }
dbo:Place;;;what is the name of <X>;SELECT ?x WHERE { <X> <http://xmlns.com/foaf/0.1/name> ?x };SELECT ?a WHERE { ?a <http://xmlns.com/foaf/0.1/name> [] . ?a a <http://dbpedia.org/ontology/Place> }
dbo:Place;;;what is the nickname of <X>;SELECT ?x WHERE { <X> <http://xmlns.com/foaf/0.1/nick> ?x };SELECT ?a WHERE { ?a <http://xmlns.com/foaf/0.1/nick> [] . ?a a <http://dbpedia.org/ontology/Place> }
dbo:Place;;;what is the A page or document about this thing. of <X>;SELECT ?x WHERE { <X> <http://xmlns.com/foaf/0.1/page> ?x };SELECT ?a WHERE { ?a <http://xmlns.com/foaf/0.1/page> [] . ?a a <http://dbpedia.org/ontology/Place> }
dbo:Place;;;what is the surname of <X>;SELECT ?x WHERE { <X> <http://xmlns.com/foaf/0.1/surname> ?x };SELECT ?a WHERE { ?a <http://xmlns.com/foaf/0.1/surname> [] . ?a a <http://dbpedia.org/ontology/Place> }
dbo:Place;;;what is the thumbnail of <X>;SELECT ?x WHERE { <X> <http://xmlns.com/foaf/0.1/thumbnail> ?x };SELECT ?a WHERE { ?a <http://xmlns.com/foaf/0.1/thumbnail> [] . ?a a <http://dbpedia.org/ontology/Place> }
dbo:Place;;;what is the format (object) of <X>;SELECT ?x WHERE { <X> <http://dbpedia.org/ontology/format> ?x };SELECT ?a WHERE { ?a <http://dbpedia.org/ontology/format> [] . ?a a <http://dbpedia.org/ontology/Place> }
dbo:Place;;;what is the former name of <X>;SELECT ?x WHERE { <X> <http://dbpedia.org/ontology/formerName> ?x };SELECT ?a WHERE { ?a <http://dbpedia.org/ontology/formerName> [] . ?a a <http://dbpedia.org/ontology/Place> }
dbo:Place;;;what is the founded by of <X>;SELECT ?x WHERE { <X> <http://dbpedia.org/ontology/foundedBy> ?x };SELECT ?a WHERE { ?a <http://dbpedia.org/ontology/foundedBy> [] . ?a a <http://dbpedia.org/ontology/Place> }
dbo:Place;;;what is the founder of <X>;SELECT ?x WHERE { <X> <http://dbpedia.org/ontology/founder> ?x };SELECT ?a WHERE { ?a <http://dbpedia.org/ontology/founder> [] . ?a a <http://dbpedia.org/ontology/Place> }
dbo:Place;;;what is the founding date of <X>;SELECT ?x WHERE { <X> <http://dbpedia.org/ontology/foundingDate> ?x };SELECT ?a WHERE { ?a <http://dbpedia.org/ontology/foundingDate> [] . ?a a <http://dbpedia.org/ontology/Place> }
dbo:Place;;;what is the founding year of <X>;SELECT ?x WHERE { <X> <http://dbpedia.org/ontology/foundingYear> ?x };SELECT ?a WHERE { ?a <http://dbpedia.org/ontology/foundingYear> [] . ?a a <http://dbpedia.org/ontology/Place> }
dbo:Place;;;what is the frequency of <X>;SELECT ?x WHERE { <X> <http://dbpedia.org/ontology/frequency> ?x };SELECT ?a WHERE { ?a <http://dbpedia.org/ontology/frequency> [] . ?a a <http://dbpedia.org/ontology/Place> }
dbo:Place;;;what is the fuel type of <X>;SELECT ?x WHERE { <X> <http://dbpedia.org/ontology/fuelType> ?x };SELECT ?a WHERE { ?a <http://dbpedia.org/ontology/fuelType> [] . ?a a <http://dbpedia.org/ontology/Place> }
dbo:Place;;;what is the gender of <X>;SELECT ?x WHERE { <X> <http://dbpedia.org/ontology/gender> ?x };SELECT ?a WHERE { ?a <http://dbpedia.org/ontology/gender> [] . ?a a <http://dbpedia.org/ontology/Place> }
dbo:Place;;;what is the genre of <X>;SELECT ?x WHERE { <X> <http://dbpedia.org/ontology/genre> ?x };SELECT ?a WHERE { ?a <http://dbpedia.org/ontology/genre> [] . ?a a <http://dbpedia.org/ontology/Place> }
dbo:Place;;;what is the geologic period of <X>;SELECT ?x WHERE { <X> <http://dbpedia.org/ontology/geologicPeriod> ?x };SELECT ?a WHERE { ?a <http://dbpedia.org/ontology/geologicPeriod> [] . ?a a <http://dbpedia.org/ontology/Place> }
dbo:Place;;;what is the geology of <X>;SELECT ?x WHERE { <X> <http://dbpedia.org/ontology/geology> ?x };SELECT ?a WHERE { ?a <http://dbpedia.org/ontology/geology> [] . ?a a <http://dbpedia.org/ontology/Place> }
dbo:Place;;;what is the governing body of <X>;SELECT ?x WHERE { <X> <http://dbpedia.org/ontology/governingBody> ?x };SELECT ?a WHERE { ?a <http://dbpedia.org/ontology/governingBody> [] . ?a a <http://dbpedia.org/ontology/Place> }
dbo:Place;;;what is the government type of <X>;SELECT ?x WHERE { <X> <http://dbpedia.org/ontology/governmentType> ?x };SELECT ?a WHERE { ?a <http://dbpedia.org/ontology/governmentType> [] . ?a a <http://dbpedia.org/ontology/Place> }
dbo:Place;;;what is the governor of <X>;SELECT ?x WHERE { <X> <http://dbpedia.org/ontology/governor> ?x };SELECT ?a WHERE { ?a <http://dbpedia.org/ontology/governor> [] . ?a a <http://dbpedia.org/ontology/Place> }
dbo:Place;;;what is the governor general of <X>;SELECT ?x WHERE { <X> <http://dbpedia.org/ontology/governorGeneral> ?x };SELECT ?a WHERE { ?a <http://dbpedia.org/ontology/governorGeneral> [] . ?a a <http://dbpedia.org/ontology/Place> }
dbo:Place;;;what is the grid reference of <X>;SELECT ?x WHERE { <X> <http://dbpedia.org/ontology/gridReference> ?x };SELECT ?a WHERE { ?a <http://dbpedia.org/ontology/gridReference> [] . ?a a <http://dbpedia.org/ontology/Place> }
dbo:Place;;;what is the variant or variation of <X>;SELECT ?x WHERE { <X> <http://dbpedia.org/ontology/hasVariant> ?x };SELECT ?a WHERE { ?a <http://dbpedia.org/ontology/hasVariant> [] . ?a a <http://dbpedia.org/ontology/Place> }
dbo:Place;;;what is the height of <X>;SELECT ?x WHERE { <X> <http://dbpedia.org/ontology/height> ?x };SELECT ?a WHERE { ?a <http://dbpedia.org/ontology/height> [] . ?a a <http://dbpedia.org/ontology/Place> }
dbo:Place;;;what is the highest mountain of <X>;SELECT ?x WHERE { <X> <http://dbpedia.org/ontology/highestMountain> ?x };SELECT ?a WHERE { ?a <http://dbpedia.org/ontology/highestMountain> [] . ?a a <http://dbpedia.org/ontology/Place> }
dbo:Place;;;what is the highest place of <X>;SELECT ?x WHERE { <X> <http://dbpedia.org/ontology/highestPlace> ?x };SELECT ?a WHERE { ?a <http://dbpedia.org/ontology/highestPlace> [] . ?a a <http://dbpedia.org/ontology/Place> }
dbo:Place;;;what is the highest position of <X>;SELECT ?x WHERE { <X> <http://dbpedia.org/ontology/highestPosition> ?x };SELECT ?a WHERE { ?a <http://dbpedia.org/ontology/highestPosition> [] . ?a a <http://dbpedia.org/ontology/Place> }
dbo:Place;;;what is the highschool of <X>;SELECT ?x WHERE { <X> <http://dbpedia.org/ontology/highschool> ?x };SELECT ?a WHERE { ?a <http://dbpedia.org/ontology/highschool> [] . ?a a <http://dbpedia.org/ontology/Place> }
dbo:Place;;;what is the home arena of <X>;SELECT ?x WHERE { <X> <http://dbpedia.org/ontology/homeArena> ?x };SELECT ?a WHERE { ?a <http://dbpedia.org/ontology/homeArena> [] . ?a a <http://dbpedia.org/ontology/Place> }
dbo:Place;;;what is the home stadium of <X>;SELECT ?x WHERE { <X> <http://dbpedia.org/ontology/homeStadium> ?x };SELECT ?a WHERE { ?a <http://dbpedia.org/ontology/homeStadium> [] . ?a a <http://dbpedia.org/ontology/Place> }
dbo:Place;;;what is the honours of <X>;SELECT ?x WHERE { <X> <http://dbpedia.org/ontology/honours> ?x };SELECT ?a WHERE { ?a <http://dbpedia.org/ontology/honours> [] . ?a a <http://dbpedia.org/ontology/Place> }
dbo:Place;;;what is the image size (px) of <X>;SELECT ?x WHERE { <X> <http://dbpedia.org/ontology/imageSize> ?x };SELECT ?a WHERE { ?a <http://dbpedia.org/ontology/imageSize> [] . ?a a <http://dbpedia.org/ontology/Place> }
dbo:Place;;;what is the IMDB id of <X>;SELECT ?x WHERE { <X> <http://dbpedia.org/ontology/imdbId> ?x };SELECT ?a WHERE { ?a <http://dbpedia.org/ontology/imdbId> [] . ?a a <http://dbpedia.org/ontology/Place> }
dbo:Place;;;what is the incumbent of <X>;SELECT ?x WHERE { <X> <http://dbpedia.org/ontology/incumbent> ?x };SELECT ?a WHERE { ?a <http://dbpedia.org/ontology/incumbent> [] . ?a a <http://dbpedia.org/ontology/Place> }
dbo:Place;;;what is the individualised GND number of <X>;SELECT ?x WHERE { <X> <http://dbpedia.org/ontology/individualisedGnd> ?x };SELECT ?a WHERE { ?a <http://dbpedia.org/ontology/individualisedGnd> [] . ?a a <http://dbpedia.org/ontology/Place> }
dbo:Place;;;what is the influenced of <X>;SELECT ?x WHERE { <X> <http://dbpedia.org/ontology/influenced> ?x };SELECT ?a WHERE { ?a <http://dbpedia.org/ontology/influenced> [] . ?a a <http://dbpedia.org/ontology/Place> }
dbo:Place;;;what is the influenced by of <X>;SELECT ?x WHERE { <X> <http://dbpedia.org/ontology/influencedBy> ?x };SELECT ?a WHERE { ?a <http://dbpedia.org/ontology/influencedBy> [] . ?a a <http://dbpedia.org/ontology/Place> }
dbo:Place;;;what is the institution of <X>;SELECT ?x WHERE { <X> <http://dbpedia.org/ontology/institution> ?x };SELECT ?a WHERE { ?a <http://dbpedia.org/ontology/institution> [] . ?a a <http://dbpedia.org/ontology/Place> }
dbo:Place;;;what is the intercommunality of <X>;SELECT ?x WHERE { <X> <http://dbpedia.org/ontology/intercommunality> ?x };SELECT ?a WHERE { ?a <http://dbpedia.org/ontology/intercommunality> [] . ?a a <http://dbpedia.org/ontology/Place> }
dbo:Place;;;what is the introduced of <X>;SELECT ?x WHERE { <X> <http://dbpedia.org/ontology/introduced> ?x };SELECT ?a WHERE { ?a <http://dbpedia.org/ontology/introduced> [] . ?a a <http://dbpedia.org/ontology/Place> }
dbo:Place;;;what is the is part of of <X>;SELECT ?x WHERE { <X> <http://dbpedia.org/ontology/isPartOf> ?x };SELECT ?a WHERE { ?a <http://dbpedia.org/ontology/isPartOf> [] . ?a a <http://dbpedia.org/ontology/Place> }
dbo:Place;;;what is the is part of (literal) of <X>;SELECT ?x WHERE { <X> <http://dbpedia.org/ontology/isPartOfName> ?x };SELECT ?a WHERE { ?a <http://dbpedia.org/ontology/isPartOfName> [] . ?a a <http://dbpedia.org/ontology/Place> }
dbo:Place;;;what is the ISNI Id of <X>;SELECT ?x WHERE { <X> <http://dbpedia.org/ontology/isniId> ?x };SELECT ?a WHERE { ?a <http://dbpedia.org/ontology/isniId> [] . ?a a <http://dbpedia.org/ontology/Place> }
dbo:Place;;;what is the jurisdiction of <X>;SELECT ?x WHERE { <X> <http://dbpedia.org/ontology/jurisdiction> ?x };SELECT ?a WHERE { ?a <http://dbpedia.org/ontology/jurisdiction> [] . ?a a <http://dbpedia.org/ontology/Place> }
dbo:Place;;;what is the key person of <X>;SELECT ?x WHERE { <X> <http://dbpedia.org/ontology/keyPerson> ?x };SELECT ?a WHERE { ?a <http://dbpedia.org/ontology/keyPerson> [] . ?a a <http://dbpedia.org/ontology/Place> }
dbo:Place;;;what is the known for of <X>;SELECT ?x WHERE { <X> <http://dbpedia.org/ontology/knownFor> ?x };SELECT ?a WHERE { ?a <http://dbpedia.org/ontology/knownFor> [] . ?a a <http://dbpedia.org/ontology/Place> }
dbo:Place;;;what is the vastest lake of <X>;SELECT ?x WHERE { <X> <http://dbpedia.org/ontology/lake> ?x };SELECT ?a WHERE { ?a <http://dbpedia.org/ontology/lake> [] . ?a a <http://dbpedia.org/ontology/Place> }
dbo:Place;;;what is the language of <X>;SELECT ?x WHERE { <X> <http://dbpedia.org/ontology/language> ?x };SELECT ?a WHERE { ?a <http://dbpedia.org/ontology/language> [] . ?a a <http://dbpedia.org/ontology/Place> }
dbo:Place;;;what is the language regulator or academy of <X>;SELECT ?x WHERE { <X> <http://dbpedia.org/ontology/languageRegulator> ?x };SELECT ?a WHERE { ?a <http://dbpedia.org/ontology/languageRegulator> [] . ?a a <http://dbpedia.org/ontology/Place> }
dbo:Place;;;what is the LCCN Id of <X>;SELECT ?x WHERE { <X> <http://dbpedia.org/ontology/lccnId> ?x };SELECT ?a WHERE { ?a <http://dbpedia.org/ontology/lccnId> [] . ?a a <http://dbpedia.org/ontology/Place> }
dbo:Place;;;what is the leader of <X>;SELECT ?x WHERE { <X> <http://dbpedia.org/ontology/leader> ?x };SELECT ?a WHERE { ?a <http://dbpedia.org/ontology/leader> [] . ?a a <http://dbpedia.org/ontology/Place> }
dbo:Place;;;what is the league of <X>;SELECT ?x WHERE { <X> <http://dbpedia.org/ontology/league> ?x };SELECT ?a WHERE { ?a <http://dbpedia.org/ontology/league> [] . ?a a <http://dbpedia.org/ontology/Place> }
dbo:Place;;;what is the length of <X>;SELECT ?x WHERE { <X> <http://dbpedia.org/ontology/length> ?x };SELECT ?a WHERE { ?a <http://dbpedia.org/ontology/length> [] . ?a a <http://dbpedia.org/ontology/Place> }
dbo:Place;;;what is the length quote of <X>;SELECT ?x WHERE { <X> <http://dbpedia.org/ontology/lengthQuote> ?x };SELECT ?a WHERE { ?a <http://dbpedia.org/ontology/lengthQuote> [] . ?a a <http://dbpedia.org/ontology/Place> }
dbo:Place;;;what is the licensee of <X>;SELECT ?x WHERE { <X> <http://dbpedia.org/ontology/licensee> ?x };SELECT ?a WHERE { ?a <http://dbpedia.org/ontology/licensee> [] . ?a a <http://dbpedia.org/ontology/Place> }
dbo:Place;;;what is the lieutenant of <X>;SELECT ?x WHERE { <X> <http://dbpedia.org/ontology/lieutenant> ?x };SELECT ?a WHERE { ?a <http://dbpedia.org/ontology/lieutenant> [] . ?a a <http://dbpedia.org/ontology/Place> }
dbo:Place;;;what is the local authority of <X>;SELECT ?x WHERE { <X> <http://dbpedia.org/ontology/localAuthority> ?x };SELECT ?a WHERE { ?a <http://dbpedia.org/ontology/localAuthority> [] . ?a a <http://dbpedia.org/ontology/Place> }
dbo:Place;;;what is the located in area of <X>;SELECT ?x WHERE { <X> <http://dbpedia.org/ontology/locatedInArea> ?x };SELECT ?a WHERE { ?a <http://dbpedia.org/ontology/locatedInArea> [] . ?a a <http://dbpedia.org/ontology/Place> }
dbo:Place;;;what is the location of <X>;SELECT ?x WHERE { <X> <http://dbpedia.org/ontology/location> ?x };SELECT ?a WHERE { ?a <http://dbpedia.org/ontology/location> [] . ?a a <http://dbpedia.org/ontology/Place> }
dbo:Place;;;what is the pa≈Ñstwo of <X>;SELECT ?x WHERE { <X> <http://dbpedia.org/ontology/locationCountry> ?x };SELECT ?a WHERE { ?a <http://dbpedia.org/ontology/locationCountry> [] . ?a a <http://dbpedia.org/ontology/Place> }
dbo:Place;;;what is the logo of <X>;SELECT ?x WHERE { <X> <http://dbpedia.org/ontology/logo> ?x };SELECT ?a WHERE { ?a <http://dbpedia.org/ontology/logo> [] . ?a a <http://dbpedia.org/ontology/Place> }
dbo:Place;;;what is the longName of <X>;SELECT ?x WHERE { <X> <http://dbpedia.org/ontology/longName> ?x };SELECT ?a WHERE { ?a <http://dbpedia.org/ontology/longName> [] . ?a a <http://dbpedia.org/ontology/Place> }
dbo:Place;;;what is the lowest of <X>;SELECT ?x WHERE { <X> <http://dbpedia.org/ontology/lowest> ?x };SELECT ?a WHERE { ?a <http://dbpedia.org/ontology/lowest> [] . ?a a <http://dbpedia.org/ontology/Place> }
dbo:Place;;;what is the lowest mountain of <X>;SELECT ?x WHERE { <X> <http://dbpedia.org/ontology/lowestMountain> ?x };SELECT ?a WHERE { ?a <http://dbpedia.org/ontology/lowestMountain> [] . ?a a <http://dbpedia.org/ontology/Place> }
dbo:Place;;;what is the lowest place of <X>;SELECT ?x WHERE { <X> <http://dbpedia.org/ontology/lowestPlace> ?x };SELECT ?a WHERE { ?a <http://dbpedia.org/ontology/lowestPlace> [] . ?a a <http://dbpedia.org/ontology/Place> }
dbo:Place;;;what is the lowest position of <X>;SELECT ?x WHERE { <X> <http://dbpedia.org/ontology/lowestPosition> ?x };SELECT ?a WHERE { ?a <http://dbpedia.org/ontology/lowestPosition> [] . ?a a <http://dbpedia.org/ontology/Place> }
dbo:Place;;;what is the main interest of <X>;SELECT ?x WHERE { <X> <http://dbpedia.org/ontology/mainInterest> ?x };SELECT ?a WHERE { ?a <http://dbpedia.org/ontology/mainInterest> [] . ?a a <http://dbpedia.org/ontology/Place> }
dbo:Place;;;what is the management of <X>;SELECT ?x WHERE { <X> <http://dbpedia.org/ontology/management> ?x };SELECT ?a WHERE { ?a <http://dbpedia.org/ontology/management> [] . ?a a <http://dbpedia.org/ontology/Place> }
dbo:Place;;;what is the management elevation of <X>;SELECT ?x WHERE { <X> <http://dbpedia.org/ontology/managementElevation> ?x };SELECT ?a WHERE { ?a <http://dbpedia.org/ontology/managementElevation> [] . ?a a <http://dbpedia.org/ontology/Place> }
dbo:Place;;;what is the management mountain of <X>;SELECT ?x WHERE { <X> <http://dbpedia.org/ontology/managementMountain> ?x };SELECT ?a WHERE { ?a <http://dbpedia.org/ontology/managementMountain> [] . ?a a <http://dbpedia.org/ontology/Place> }
dbo:Place;;;what is the management place of <X>;SELECT ?x WHERE { <X> <http://dbpedia.org/ontology/managementPlace> ?x };SELECT ?a WHERE { ?a <http://dbpedia.org/ontology/managementPlace> [] . ?a a <http://dbpedia.org/ontology/Place> }
dbo:Place;;;what is the management position of <X>;SELECT ?x WHERE { <X> <http://dbpedia.org/ontology/managementPosition> ?x };SELECT ?a WHERE { ?a <http://dbpedia.org/ontology/managementPosition> [] . ?a a <http://dbpedia.org/ontology/Place> }
dbo:Place;;;what is the manufacturer of <X>;SELECT ?x WHERE { <X> <http://dbpedia.org/ontology/manufacturer> ?x };SELECT ?a WHERE { ?a <http://dbpedia.org/ontology/manufacturer> [] . ?a a <http://dbpedia.org/ontology/Place> }
dbo:Place;;;what is the map of <X>;SELECT ?x WHERE { <X> <http://dbpedia.org/ontology/map> ?x };SELECT ?a WHERE { ?a <http://dbpedia.org/ontology/map> [] . ?a a <http://dbpedia.org/ontology/Place> }
dbo:Place;;;what is the map caption of <X>;SELECT ?x WHERE { <X> <http://dbpedia.org/ontology/mapCaption> ?x };SELECT ?a WHERE { ?a <http://dbpedia.org/ontology/mapCaption> [] . ?a a <http://dbpedia.org/ontology/Place> }
dbo:Place;;;what is the mascot of <X>;SELECT ?x WHERE { <X> <http://dbpedia.org/ontology/mascot> ?x };SELECT ?a WHERE { ?a <http://dbpedia.org/ontology/mascot> [] . ?a a <http://dbpedia.org/ontology/Place> }
dbo:Place;;;what is the mass of <X>;SELECT ?x WHERE { <X> <http://dbpedia.org/ontology/mass> ?x };SELECT ?a WHERE { ?a <http://dbpedia.org/ontology/mass> [] . ?a a <http://dbpedia.org/ontology/Place> }
dbo:Place;;;what is the material of <X>;SELECT ?x WHERE { <X> <http://dbpedia.org/ontology/material> ?x };SELECT ?a WHERE { ?a <http://dbpedia.org/ontology/material> [] . ?a a <http://dbpedia.org/ontology/Place> }
dbo:Place;;;what is the maximum depth of <X>;SELECT ?x WHERE { <X> <http://dbpedia.org/ontology/maximumDepth> ?x };SELECT ?a WHERE { ?a <http://dbpedia.org/ontology/maximumDepth> [] . ?a a <http://dbpedia.org/ontology/Place> }
dbo:Place;;;what is the maximum depth quote of <X>;SELECT ?x WHERE { <X> <http://dbpedia.org/ontology/maximumDepthQuote> ?x };SELECT ?a WHERE { ?a <http://dbpedia.org/ontology/maximumDepthQuote> [] . ?a a <http://dbpedia.org/ontology/Place> }
dbo:Place;;;what is the maximum discharge of <X>;SELECT ?x WHERE { <X> <http://dbpedia.org/ontology/maximumDischarge> ?x };SELECT ?a WHERE { ?a <http://dbpedia.org/ontology/maximumDischarge> [] . ?a a <http://dbpedia.org/ontology/Place> }
dbo:Place;;;what is the maximum elevation of <X>;SELECT ?x WHERE { <X> <http://dbpedia.org/ontology/maximumElevation> ?x };SELECT ?a WHERE { ?a <http://dbpedia.org/ontology/maximumElevation> [] . ?a a <http://dbpedia.org/ontology/Place> }
dbo:Place;;;what is the mayor of <X>;SELECT ?x WHERE { <X> <http://dbpedia.org/ontology/mayor> ?x };SELECT ?a WHERE { ?a <http://dbpedia.org/ontology/mayor> [] . ?a a <http://dbpedia.org/ontology/Place> }
dbo:Place;;;what is the MBA Id of <X>;SELECT ?x WHERE { <X> <http://dbpedia.org/ontology/mbaId> ?x };SELECT ?a WHERE { ?a <http://dbpedia.org/ontology/mbaId> [] . ?a a <http://dbpedia.org/ontology/Place> }
dbo:Place;;;what is the meaning of <X>;SELECT ?x WHERE { <X> <http://dbpedia.org/ontology/meaning> ?x };SELECT ?a WHERE { ?a <http://dbpedia.org/ontology/meaning> [] . ?a a <http://dbpedia.org/ontology/Place> }
dbo:Place;;;what is the military unit size of <X>;SELECT ?x WHERE { <X> <http://dbpedia.org/ontology/militaryUnitSize> ?x };SELECT ?a WHERE { ?a <http://dbpedia.org/ontology/militaryUnitSize> [] . ?a a <http://dbpedia.org/ontology/Place> }
dbo:Place;;;what is the minimum discharge of <X>;SELECT ?x WHERE { <X> <http://dbpedia.org/ontology/minimumDischarge> ?x };SELECT ?a WHERE { ?a <http://dbpedia.org/ontology/minimumDischarge> [] . ?a a <http://dbpedia.org/ontology/Place> }
dbo:Place;;;what is the minimum elevation of <X>;SELECT ?x WHERE { <X> <http://dbpedia.org/ontology/minimumElevation> ?x };SELECT ?a WHERE { ?a <http://dbpedia.org/ontology/minimumElevation> [] . ?a a <http://dbpedia.org/ontology/Place> }
dbo:Place;;;what is the mission of <X>;SELECT ?x WHERE { <X> <http://dbpedia.org/ontology/mission> ?x };SELECT ?a WHERE { ?a <http://dbpedia.org/ontology/mission> [] . ?a a <http://dbpedia.org/ontology/Place> }
dbo:Place;;;what is the monarch of <X>;SELECT ?x WHERE { <X> <http://dbpedia.org/ontology/monarch> ?x };SELECT ?a WHERE { ?a <http://dbpedia.org/ontology/monarch> [] . ?a a <http://dbpedia.org/ontology/Place> }
dbo:Place;;;what is the month of <X>;SELECT ?x WHERE { <X> <http://dbpedia.org/ontology/month> ?x };SELECT ?a WHERE { ?a <http://dbpedia.org/ontology/month> [] . ?a a <http://dbpedia.org/ontology/Place> }
dbo:Place;;;what is the motto of <X>;SELECT ?x WHERE { <X> <http://dbpedia.org/ontology/motto> ?x };SELECT ?a WHERE { ?a <http://dbpedia.org/ontology/motto> [] . ?a a <http://dbpedia.org/ontology/Place> }
dbo:Place;;;what is the mouth elevation of <X>;SELECT ?x WHERE { <X> <http://dbpedia.org/ontology/mouthElevation> ?x };SELECT ?a WHERE { ?a <http://dbpedia.org/ontology/mouthElevation> [] . ?a a <http://dbpedia.org/ontology/Place> }
dbo:Place;;;what is the municipality of <X>;SELECT ?x WHERE { <X> <http://dbpedia.org/ontology/municipality> ?x };SELECT ?a WHERE { ?a <http://dbpedia.org/ontology/municipality> [] . ?a a <http://dbpedia.org/ontology/Place> }
dbo:Place;;;what is the municipality code of <X>;SELECT ?x WHERE { <X> <http://dbpedia.org/ontology/municipalityCode> ?x };SELECT ?a WHERE { ?a <http://dbpedia.org/ontology/municipalityCode> [] . ?a a <http://dbpedia.org/ontology/Place> }
dbo:Place;;;what is the name of <X>;SELECT ?x WHERE { <X> <http://dbpedia.org/ontology/name> ?x };SELECT ?a WHERE { ?a <http://dbpedia.org/ontology/name> [] . ?a a <http://dbpedia.org/ontology/Place> }
dbo:Place;;;what is the named after of <X>;SELECT ?x WHERE { <X> <http://dbpedia.org/ontology/namedAfter> ?x };SELECT ?a WHERE { ?a <http://dbpedia.org/ontology/namedAfter> [] . ?a a <http://dbpedia.org/ontology/Place> }
dbo:Place;;;what is the National Topographic System map number of <X>;SELECT ?x WHERE { <X> <http://dbpedia.org/ontology/nationalTopographicSystemMapNumber> ?x };SELECT ?a WHERE { ?a <http://dbpedia.org/ontology/nationalTopographicSystemMapNumber> [] . ?a a <http://dbpedia.org/ontology/Place> }
dbo:Place;;;what is the NDL id of <X>;SELECT ?x WHERE { <X> <http://dbpedia.org/ontology/ndlId> ?x };SELECT ?a WHERE { ?a <http://dbpedia.org/ontology/ndlId> [] . ?a a <http://dbpedia.org/ontology/Place> }
dbo:Place;;;what is the nearest city of <X>;SELECT ?x WHERE { <X> <http://dbpedia.org/ontology/nearestCity> ?x };SELECT ?a WHERE { ?a <http://dbpedia.org/ontology/nearestCity> [] . ?a a <http://dbpedia.org/ontology/Place> }
dbo:Place;;;what is the NLA Id of <X>;SELECT ?x WHERE { <X> <http://dbpedia.org/ontology/nlaId> ?x };SELECT ?a WHERE { ?a <http://dbpedia.org/ontology/nlaId> [] . ?a a <http://dbpedia.org/ontology/Place> }
dbo:Place;;;what is the nominee of <X>;SELECT ?x WHERE { <X> <http://dbpedia.org/ontology/nominee> ?x };SELECT ?a WHERE { ?a <http://dbpedia.org/ontology/nominee> [] . ?a a <http://dbpedia.org/ontology/Place> }
dbo:Place;;;what is the notable work of <X>;SELECT ?x WHERE { <X> <http://dbpedia.org/ontology/notableWork> ?x };SELECT ?a WHERE { ?a <http://dbpedia.org/ontology/notableWork> [] . ?a a <http://dbpedia.org/ontology/Place> }
dbo:Place;;;what is the notes of <X>;SELECT ?x WHERE { <X> <http://dbpedia.org/ontology/notes> ?x };SELECT ?a WHERE { ?a <http://dbpedia.org/ontology/notes> [] . ?a a <http://dbpedia.org/ontology/Place> }
dbo:Place;;;what is the number of sports of <X>;SELECT ?x WHERE { <X> <http://dbpedia.org/ontology/numberOfSports> ?x };SELECT ?a WHERE { ?a <http://dbpedia.org/ontology/numberOfSports> [] . ?a a <http://dbpedia.org/ontology/Place> }
dbo:Place;;;what is the number of visitors of <X>;SELECT ?x WHERE { <X> <http://dbpedia.org/ontology/numberOfVisitors> ?x };SELECT ?a WHERE { ?a <http://dbpedia.org/ontology/numberOfVisitors> [] . ?a a <http://dbpedia.org/ontology/Place> }
dbo:Place;;;what is the NUTS code of <X>;SELECT ?x WHERE { <X> <http://dbpedia.org/ontology/nutsCode> ?x };SELECT ?a WHERE { ?a <http://dbpedia.org/ontology/nutsCode> [] . ?a a <http://dbpedia.org/ontology/Place> }
dbo:Place;;;what is the occupation of <X>;SELECT ?x WHERE { <X> <http://dbpedia.org/ontology/occupation> ?x };SELECT ?a WHERE { ?a <http://dbpedia.org/ontology/occupation> [] . ?a a <http://dbpedia.org/ontology/Place> }
dbo:Place;;;what is the (political) office of <X>;SELECT ?x WHERE { <X> <http://dbpedia.org/ontology/office> ?x };SELECT ?a WHERE { ?a <http://dbpedia.org/ontology/office> [] . ?a a <http://dbpedia.org/ontology/Place> }
dbo:Place;;;what is the opening date of <X>;SELECT ?x WHERE { <X> <http://dbpedia.org/ontology/openingDate> ?x };SELECT ?a WHERE { ?a <http://dbpedia.org/ontology/openingDate> [] . ?a a <http://dbpedia.org/ontology/Place> }
dbo:Place;;;what is the opening year of <X>;SELECT ?x WHERE { <X> <http://dbpedia.org/ontology/openingYear> ?x };SELECT ?a WHERE { ?a <http://dbpedia.org/ontology/openingYear> [] . ?a a <http://dbpedia.org/ontology/Place> }
dbo:Place;;;what is the operator of <X>;SELECT ?x WHERE { <X> <http://dbpedia.org/ontology/operator> ?x };SELECT ?a WHERE { ?a <http://dbpedia.org/ontology/operator> [] . ?a a <http://dbpedia.org/ontology/Place> }
dbo:Place;;;what is the orbits of <X>;SELECT ?x WHERE { <X> <http://dbpedia.org/ontology/orbits> ?x };SELECT ?a WHERE { ?a <http://dbpedia.org/ontology/orbits> [] . ?a a <http://dbpedia.org/ontology/Place> }
dbo:Place;;;what is the ORCID Id of <X>;SELECT ?x WHERE { <X> <http://dbpedia.org/ontology/orcidId> ?x };SELECT ?a WHERE { ?a <http://dbpedia.org/ontology/orcidId> [] . ?a a <http://dbpedia.org/ontology/Place> }
dbo:Place;;;what is the order in office of <X>;SELECT ?x WHERE { <X> <http://dbpedia.org/ontology/orderInOffice> ?x };SELECT ?a WHERE { ?a <http://dbpedia.org/ontology/orderInOffice> [] . ?a a <http://dbpedia.org/ontology/Place> }
dbo:Place;;;what is the organisation of <X>;SELECT ?x WHERE { <X> <http://dbpedia.org/ontology/organisation> ?x };SELECT ?a WHERE { ?a <http://dbpedia.org/ontology/organisation> [] . ?a a <http://dbpedia.org/ontology/Place> }
dbo:Place;;;what is the origin of <X>;SELECT ?x WHERE { <X> <http://dbpedia.org/ontology/origin> ?x };SELECT ?a WHERE { ?a <http://dbpedia.org/ontology/origin> [] . ?a a <http://dbpedia.org/ontology/Place> }
dbo:Place;;;what is the originally used for of <X>;SELECT ?x WHERE { <X> <http://dbpedia.org/ontology/originallyUsedFor> ?x };SELECT ?a WHERE { ?a <http://dbpedia.org/ontology/originallyUsedFor> [] . ?a a <http://dbpedia.org/ontology/Place> }
dbo:Place;;;what is the orogeny of <X>;SELECT ?x WHERE { <X> <http://dbpedia.org/ontology/orogeny> ?x };SELECT ?a WHERE { ?a <http://dbpedia.org/ontology/orogeny> [] . ?a a <http://dbpedia.org/ontology/Place> }
dbo:Place;;;what is the An owl:differentFrom statement indicates that two URI references refer to different individuals of <X>;SELECT ?x WHERE { <X> <http://www.w3.org/2002/07/owl#differentFrom> ?x };SELECT ?a WHERE { ?a <http://www.w3.org/2002/07/owl#differentFrom> [] . ?a a <http://dbpedia.org/ontology/Place> }
dbo:Place;;;what is the same as of <X>;SELECT ?x WHERE { <X> <http://www.w3.org/2002/07/owl#sameAs> ?x };SELECT ?a WHERE { ?a <http://www.w3.org/2002/07/owl#sameAs> [] . ?a a <http://dbpedia.org/ontology/Place> }
dbo:Place;;;what is the owner of <X>;SELECT ?x WHERE { <X> <http://dbpedia.org/ontology/owner> ?x };SELECT ?a WHERE { ?a <http://dbpedia.org/ontology/owner> [] . ?a a <http://dbpedia.org/ontology/Place> }
dbo:Place;;;what is the owning company of <X>;SELECT ?x WHERE { <X> <http://dbpedia.org/ontology/owningCompany> ?x };SELECT ?a WHERE { ?a <http://dbpedia.org/ontology/owningCompany> [] . ?a a <http://dbpedia.org/ontology/Place> }
dbo:Place;;;what is the owning organisation of <X>;SELECT ?x WHERE { <X> <http://dbpedia.org/ontology/owningOrganisation> ?x };SELECT ?a WHERE { ?a <http://dbpedia.org/ontology/owningOrganisation> [] . ?a a <http://dbpedia.org/ontology/Place> }
dbo:Place;;;what is the parent company of <X>;SELECT ?x WHERE { <X> <http://dbpedia.org/ontology/parentCompany> ?x };SELECT ?a WHERE { ?a <http://dbpedia.org/ontology/parentCompany> [] . ?a a <http://dbpedia.org/ontology/Place> }
dbo:Place;;;what is the part of <X>;SELECT ?x WHERE { <X> <http://dbpedia.org/ontology/part> ?x };SELECT ?a WHERE { ?a <http://dbpedia.org/ontology/part> [] . ?a a <http://dbpedia.org/ontology/Place> }
dbo:Place;;;what is the partial failed launches of <X>;SELECT ?x WHERE { <X> <http://dbpedia.org/ontology/partialFailedLaunches> ?x };SELECT ?a WHERE { ?a <http://dbpedia.org/ontology/partialFailedLaunches> [] . ?a a <http://dbpedia.org/ontology/Place> }
dbo:Place;;;what is the party of <X>;SELECT ?x WHERE { <X> <http://dbpedia.org/ontology/party> ?x };SELECT ?a WHERE { ?a <http://dbpedia.org/ontology/party> [] . ?a a <http://dbpedia.org/ontology/Place> }
dbo:Place;;;what is the past member of <X>;SELECT ?x WHERE { <X> <http://dbpedia.org/ontology/pastMember> ?x };SELECT ?a WHERE { ?a <http://dbpedia.org/ontology/pastMember> [] . ?a a <http://dbpedia.org/ontology/Place> }
dbo:Place;;;what is the percentage of area water of <X>;SELECT ?x WHERE { <X> <http://dbpedia.org/ontology/percentageOfAreaWater> ?x };SELECT ?a WHERE { ?a <http://dbpedia.org/ontology/percentageOfAreaWater> [] . ?a a <http://dbpedia.org/ontology/Place> }
dbo:Place;;;what is the picture of <X>;SELECT ?x WHERE { <X> <http://dbpedia.org/ontology/picture> ?x };SELECT ?a WHERE { ?a <http://dbpedia.org/ontology/picture> [] . ?a a <http://dbpedia.org/ontology/Place> }
dbo:Place;;;what is the plant of <X>;SELECT ?x WHERE { <X> <http://dbpedia.org/ontology/plant> ?x };SELECT ?a WHERE { ?a <http://dbpedia.org/ontology/plant> [] . ?a a <http://dbpedia.org/ontology/Place> }
dbo:Place;;;what is the population total of <X>;SELECT ?x WHERE { <X> <http://dbpedia.org/ontology/populationTotal> ?x };SELECT ?a WHERE { ?a <http://dbpedia.org/ontology/populationTotal> [] . ?a a <http://dbpedia.org/ontology/Place> }
dbo:Place;;;what is the portfolio of <X>;SELECT ?x WHERE { <X> <http://dbpedia.org/ontology/portfolio> ?x };SELECT ?a WHERE { ?a <http://dbpedia.org/ontology/portfolio> [] . ?a a <http://dbpedia.org/ontology/Place> }
dbo:Place;;;what is the position of <X>;SELECT ?x WHERE { <X> <http://dbpedia.org/ontology/position> ?x };SELECT ?a WHERE { ?a <http://dbpedia.org/ontology/position> [] . ?a a <http://dbpedia.org/ontology/Place> }
dbo:Place;;;what is the postal code of <X>;SELECT ?x WHERE { <X> <http://dbpedia.org/ontology/postalCode> ?x };SELECT ?a WHERE { ?a <http://dbpedia.org/ontology/postalCode> [] . ?a a <http://dbpedia.org/ontology/Place> }
dbo:Place;;;what is the predecessor of <X>;SELECT ?x WHERE { <X> <http://dbpedia.org/ontology/predecessor> ?x };SELECT ?a WHERE { ?a <http://dbpedia.org/ontology/predecessor> [] . ?a a <http://dbpedia.org/ontology/Place> }
dbo:Place;;;what is the president of <X>;SELECT ?x WHERE { <X> <http://dbpedia.org/ontology/president> ?x };SELECT ?a WHERE { ?a <http://dbpedia.org/ontology/president> [] . ?a a <http://dbpedia.org/ontology/Place> }
dbo:Place;;;what is the prime minister of <X>;SELECT ?x WHERE { <X> <http://dbpedia.org/ontology/primeMinister> ?x };SELECT ?a WHERE { ?a <http://dbpedia.org/ontology/primeMinister> [] . ?a a <http://dbpedia.org/ontology/Place> }
dbo:Place;;;what is the production end date of <X>;SELECT ?x WHERE { <X> <http://dbpedia.org/ontology/productionEndDate> ?x };SELECT ?a WHERE { ?a <http://dbpedia.org/ontology/productionEndDate> [] . ?a a <http://dbpedia.org/ontology/Place> }
dbo:Place;;;what is the production end year of <X>;SELECT ?x WHERE { <X> <http://dbpedia.org/ontology/productionEndYear> ?x };SELECT ?a WHERE { ?a <http://dbpedia.org/ontology/productionEndYear> [] . ?a a <http://dbpedia.org/ontology/Place> }
dbo:Place;;;what is the production start date of <X>;SELECT ?x WHERE { <X> <http://dbpedia.org/ontology/productionStartDate> ?x };SELECT ?a WHERE { ?a <http://dbpedia.org/ontology/productionStartDate> [] . ?a a <http://dbpedia.org/ontology/Place> }
dbo:Place;;;what is the production start year of <X>;SELECT ?x WHERE { <X> <http://dbpedia.org/ontology/productionStartYear> ?x };SELECT ?a WHERE { ?a <http://dbpedia.org/ontology/productionStartYear> [] . ?a a <http://dbpedia.org/ontology/Place> }
dbo:Place;;;what is the prominence of <X>;SELECT ?x WHERE { <X> <http://dbpedia.org/ontology/prominence> ?x };SELECT ?a WHERE { ?a <http://dbpedia.org/ontology/prominence> [] . ?a a <http://dbpedia.org/ontology/Place> }
dbo:Place;;;what is the province of <X>;SELECT ?x WHERE { <X> <http://dbpedia.org/ontology/province> ?x };SELECT ?a WHERE { ?a <http://dbpedia.org/ontology/province> [] . ?a a <http://dbpedia.org/ontology/Place> }
dbo:Place;;;what is the publication date of <X>;SELECT ?x WHERE { <X> <http://dbpedia.org/ontology/publicationDate> ?x };SELECT ?a WHERE { ?a <http://dbpedia.org/ontology/publicationDate> [] . ?a a <http://dbpedia.org/ontology/Place> }
dbo:Place;;;what is the publicly accessible of <X>;SELECT ?x WHERE { <X> <http://dbpedia.org/ontology/publiclyAccessible> ?x };SELECT ?a WHERE { ?a <http://dbpedia.org/ontology/publiclyAccessible> [] . ?a a <http://dbpedia.org/ontology/Place> }
dbo:Place;;;what is the purpose of <X>;SELECT ?x WHERE { <X> <http://dbpedia.org/ontology/purpose> ?x };SELECT ?a WHERE { ?a <http://dbpedia.org/ontology/purpose> [] . ?a a <http://dbpedia.org/ontology/Place> }
dbo:Place;;;what is the quote of <X>;SELECT ?x WHERE { <X> <http://dbpedia.org/ontology/quote> ?x };SELECT ?a WHERE { ?a <http://dbpedia.org/ontology/quote> [] . ?a a <http://dbpedia.org/ontology/Place> }
dbo:Place;;;what is the race of <X>;SELECT ?x WHERE { <X> <http://dbpedia.org/ontology/race> ?x };SELECT ?a WHERE { ?a <http://dbpedia.org/ontology/race> [] . ?a a <http://dbpedia.org/ontology/Place> }
dbo:Place;;;what is the race horse of <X>;SELECT ?x WHERE { <X> <http://dbpedia.org/ontology/raceHorse> ?x };SELECT ?a WHERE { ?a <http://dbpedia.org/ontology/raceHorse> [] . ?a a <http://dbpedia.org/ontology/Place> }
dbo:Place;;;what is the rating of <X>;SELECT ?x WHERE { <X> <http://dbpedia.org/ontology/rating> ?x };SELECT ?a WHERE { ?a <http://dbpedia.org/ontology/rating> [] . ?a a <http://dbpedia.org/ontology/Place> }
dbo:Place;;;what is the undefined of <X>;SELECT ?x WHERE { <X> <http://www.w3.org/1999/02/22-rdf-syntax-ns#type> ?x };SELECT ?a WHERE { ?a <http://www.w3.org/1999/02/22-rdf-syntax-ns#type> [] . ?a a <http://dbpedia.org/ontology/Place> }
dbo:Place;;;what is the undefined of <X>;SELECT ?x WHERE { <X> <http://www.w3.org/2000/01/rdf-schema#comment> ?x };SELECT ?a WHERE { ?a <http://www.w3.org/2000/01/rdf-schema#comment> [] . ?a a <http://dbpedia.org/ontology/Place> }
dbo:Place;;;what is the undefined of <X>;SELECT ?x WHERE { <X> <http://www.w3.org/2000/01/rdf-schema#label> ?x };SELECT ?a WHERE { ?a <http://www.w3.org/2000/01/rdf-schema#label> [] . ?a a <http://dbpedia.org/ontology/Place> }
dbo:Place;;;what is the is used to indicate a resource that might provide additional information about the subject resource of <X>;SELECT ?x WHERE { <X> <http://www.w3.org/2000/01/rdf-schema#seeAlso> ?x };SELECT ?a WHERE { ?a <http://www.w3.org/2000/01/rdf-schema#seeAlso> [] . ?a a <http://dbpedia.org/ontology/Place> }
dbo:Place;;;what is the subclass of of <X>;SELECT ?x WHERE { <X> <http://www.w3.org/2000/01/rdf-schema#subClassOf> ?x };SELECT ?a WHERE { ?a <http://www.w3.org/2000/01/rdf-schema#subClassOf> [] . ?a a <http://dbpedia.org/ontology/Place> }
dbo:Place;;;what is the rebuild date of <X>;SELECT ?x WHERE { <X> <http://dbpedia.org/ontology/rebuildDate> ?x };SELECT ?a WHERE { ?a <http://dbpedia.org/ontology/rebuildDate> [] . ?a a <http://dbpedia.org/ontology/Place> }
dbo:Place;;;what is the record label of <X>;SELECT ?x WHERE { <X> <http://dbpedia.org/ontology/recordLabel> ?x };SELECT ?a WHERE { ?a <http://dbpedia.org/ontology/recordLabel> [] . ?a a <http://dbpedia.org/ontology/Place> }
dbo:Place;;;what is the region of <X>;SELECT ?x WHERE { <X> <http://dbpedia.org/ontology/region> ?x };SELECT ?a WHERE { ?a <http://dbpedia.org/ontology/region> [] . ?a a <http://dbpedia.org/ontology/Place> }
dbo:Place;;;what is the related of <X>;SELECT ?x WHERE { <X> <http://dbpedia.org/ontology/related> ?x };SELECT ?a WHERE { ?a <http://dbpedia.org/ontology/related> [] . ?a a <http://dbpedia.org/ontology/Place> }
dbo:Place;;;what is the release date of <X>;SELECT ?x WHERE { <X> <http://dbpedia.org/ontology/releaseDate> ?x };SELECT ?a WHERE { ?a <http://dbpedia.org/ontology/releaseDate> [] . ?a a <http://dbpedia.org/ontology/Place> }
dbo:Place;;;what is the religion of <X>;SELECT ?x WHERE { <X> <http://dbpedia.org/ontology/religion> ?x };SELECT ?a WHERE { ?a <http://dbpedia.org/ontology/religion> [] . ?a a <http://dbpedia.org/ontology/Place> }
dbo:Place;;;what is the religious head of <X>;SELECT ?x WHERE { <X> <http://dbpedia.org/ontology/religiousHead> ?x };SELECT ?a WHERE { ?a <http://dbpedia.org/ontology/religiousHead> [] . ?a a <http://dbpedia.org/ontology/Place> }
dbo:Place;;;what is the restore date of <X>;SELECT ?x WHERE { <X> <http://dbpedia.org/ontology/restoreDate> ?x };SELECT ?a WHERE { ?a <http://dbpedia.org/ontology/restoreDate> [] . ?a a <http://dbpedia.org/ontology/Place> }
dbo:Place;;;what is the retired of <X>;SELECT ?x WHERE { <X> <http://dbpedia.org/ontology/retired> ?x };SELECT ?a WHERE { ?a <http://dbpedia.org/ontology/retired> [] . ?a a <http://dbpedia.org/ontology/Place> }
dbo:Place;;;what is the river of <X>;SELECT ?x WHERE { <X> <http://dbpedia.org/ontology/river> ?x };SELECT ?a WHERE { ?a <http://dbpedia.org/ontology/river> [] . ?a a <http://dbpedia.org/ontology/Place> }
dbo:Place;;;what is the RKDartists id of <X>;SELECT ?x WHERE { <X> <http://dbpedia.org/ontology/rkdArtistsId> ?x };SELECT ?a WHERE { ?a <http://dbpedia.org/ontology/rkdArtistsId> [] . ?a a <http://dbpedia.org/ontology/Place> }
dbo:Place;;;what is the role of <X>;SELECT ?x WHERE { <X> <http://dbpedia.org/ontology/role> ?x };SELECT ?a WHERE { ?a <http://dbpedia.org/ontology/role> [] . ?a a <http://dbpedia.org/ontology/Place> }
dbo:Place;;;what is the royal anthem of <X>;SELECT ?x WHERE { <X> <http://dbpedia.org/ontology/royalAnthem> ?x };SELECT ?a WHERE { ?a <http://dbpedia.org/ontology/royalAnthem> [] . ?a a <http://dbpedia.org/ontology/Place> }
dbo:Place;;;what is the running mate of <X>;SELECT ?x WHERE { <X> <http://dbpedia.org/ontology/runningMate> ?x };SELECT ?a WHERE { ?a <http://dbpedia.org/ontology/runningMate> [] . ?a a <http://dbpedia.org/ontology/Place> }
dbo:Place;;;what is the sales of <X>;SELECT ?x WHERE { <X> <http://dbpedia.org/ontology/sales> ?x };SELECT ?a WHERE { ?a <http://dbpedia.org/ontology/sales> [] . ?a a <http://dbpedia.org/ontology/Place> }
dbo:Place;;;what is the secondLeader of <X>;SELECT ?x WHERE { <X> <http://dbpedia.org/ontology/secondLeader> ?x };SELECT ?a WHERE { ?a <http://dbpedia.org/ontology/secondLeader> [] . ?a a <http://dbpedia.org/ontology/Place> }
dbo:Place;;;what is the secondPopularVote of <X>;SELECT ?x WHERE { <X> <http://dbpedia.org/ontology/secondPopularVote> ?x };SELECT ?a WHERE { ?a <http://dbpedia.org/ontology/secondPopularVote> [] . ?a a <http://dbpedia.org/ontology/Place> }
dbo:Place;;;what is the SELIBR Id of <X>;SELECT ?x WHERE { <X> <http://dbpedia.org/ontology/selibrId> ?x };SELECT ?a WHERE { ?a <http://dbpedia.org/ontology/selibrId> [] . ?a a <http://dbpedia.org/ontology/Place> }
dbo:Place;;;what is the seniority of <X>;SELECT ?x WHERE { <X> <http://dbpedia.org/ontology/seniority> ?x };SELECT ?a WHERE { ?a <http://dbpedia.org/ontology/seniority> [] . ?a a <http://dbpedia.org/ontology/Place> }
dbo:Place;;;what is the series of <X>;SELECT ?x WHERE { <X> <http://dbpedia.org/ontology/series> ?x };SELECT ?a WHERE { ?a <http://dbpedia.org/ontology/series> [] . ?a a <http://dbpedia.org/ontology/Place> }
dbo:Place;;;what is the show of <X>;SELECT ?x WHERE { <X> <http://dbpedia.org/ontology/show> ?x };SELECT ?a WHERE { ?a <http://dbpedia.org/ontology/show> [] . ?a a <http://dbpedia.org/ontology/Place> }
dbo:Place;;;what is the similar of <X>;SELECT ?x WHERE { <X> <http://dbpedia.org/ontology/similar> ?x };SELECT ?a WHERE { ?a <http://dbpedia.org/ontology/similar> [] . ?a a <http://dbpedia.org/ontology/Place> }
dbo:Place;;;what is the broader of <X>;SELECT ?x WHERE { <X> <http://www.w3.org/2004/02/skos/core#broader> ?x };SELECT ?a WHERE { ?a <http://www.w3.org/2004/02/skos/core#broader> [] . ?a a <http://dbpedia.org/ontology/Place> }
dbo:Place;;;what is the prefLabel of <X>;SELECT ?x WHERE { <X> <http://www.w3.org/2004/02/skos/core#prefLabel> ?x };SELECT ?a WHERE { ?a <http://www.w3.org/2004/02/skos/core#prefLabel> [] . ?a a <http://dbpedia.org/ontology/Place> }
dbo:Place;;;what is the related of <X>;SELECT ?x WHERE { <X> <http://www.w3.org/2004/02/skos/core#related> ?x };SELECT ?a WHERE { ?a <http://www.w3.org/2004/02/skos/core#related> [] . ?a a <http://dbpedia.org/ontology/Place> }
dbo:Place;;;what is the slogan of <X>;SELECT ?x WHERE { <X> <http://dbpedia.org/ontology/slogan> ?x };SELECT ?a WHERE { ?a <http://dbpedia.org/ontology/slogan> [] . ?a a <http://dbpedia.org/ontology/Place> }
dbo:Place;;;what is the sound recording of <X>;SELECT ?x WHERE { <X> <http://dbpedia.org/ontology/soundRecording> ?x };SELECT ?a WHERE { ?a <http://dbpedia.org/ontology/soundRecording> [] . ?a a <http://dbpedia.org/ontology/Place> }
dbo:Place;;;what is the source of <X>;SELECT ?x WHERE { <X> <http://dbpedia.org/ontology/source> ?x };SELECT ?a WHERE { ?a <http://dbpedia.org/ontology/source> [] . ?a a <http://dbpedia.org/ontology/Place> }
dbo:Place;;;what is the source confluence elevation of <X>;SELECT ?x WHERE { <X> <http://dbpedia.org/ontology/sourceConfluenceElevation> ?x };SELECT ?a WHERE { ?a <http://dbpedia.org/ontology/sourceConfluenceElevation> [] . ?a a <http://dbpedia.org/ontology/Place> }
dbo:Place;;;what is the source elevation of <X>;SELECT ?x WHERE { <X> <http://dbpedia.org/ontology/sourceElevation> ?x };SELECT ?a WHERE { ?a <http://dbpedia.org/ontology/sourceElevation> [] . ?a a <http://dbpedia.org/ontology/Place> }
dbo:Place;;;what is the source mountain of <X>;SELECT ?x WHERE { <X> <http://dbpedia.org/ontology/sourceMountain> ?x };SELECT ?a WHERE { ?a <http://dbpedia.org/ontology/sourceMountain> [] . ?a a <http://dbpedia.org/ontology/Place> }
dbo:Place;;;what is the source place of <X>;SELECT ?x WHERE { <X> <http://dbpedia.org/ontology/sourcePlace> ?x };SELECT ?a WHERE { ?a <http://dbpedia.org/ontology/sourcePlace> [] . ?a a <http://dbpedia.org/ontology/Place> }
dbo:Place;;;what is the source position of <X>;SELECT ?x WHERE { <X> <http://dbpedia.org/ontology/sourcePosition> ?x };SELECT ?a WHERE { ?a <http://dbpedia.org/ontology/sourcePosition> [] . ?a a <http://dbpedia.org/ontology/Place> }
dbo:Place;;;what is the source region of <X>;SELECT ?x WHERE { <X> <http://dbpedia.org/ontology/sourceRegion> ?x };SELECT ?a WHERE { ?a <http://dbpedia.org/ontology/sourceRegion> [] . ?a a <http://dbpedia.org/ontology/Place> }
dbo:Place;;;what is the speaker of <X>;SELECT ?x WHERE { <X> <http://dbpedia.org/ontology/speaker> ?x };SELECT ?a WHERE { ?a <http://dbpedia.org/ontology/speaker> [] . ?a a <http://dbpedia.org/ontology/Place> }
dbo:Place;;;what is the specialist of <X>;SELECT ?x WHERE { <X> <http://dbpedia.org/ontology/specialist> ?x };SELECT ?a WHERE { ?a <http://dbpedia.org/ontology/specialist> [] . ?a a <http://dbpedia.org/ontology/Place> }
dbo:Place;;;what is the sport of <X>;SELECT ?x WHERE { <X> <http://dbpedia.org/ontology/sport> ?x };SELECT ?a WHERE { ?a <http://dbpedia.org/ontology/sport> [] . ?a a <http://dbpedia.org/ontology/Place> }
dbo:Place;;;what is the sport governing body of <X>;SELECT ?x WHERE { <X> <http://dbpedia.org/ontology/sportGoverningBody> ?x };SELECT ?a WHERE { ?a <http://dbpedia.org/ontology/sportGoverningBody> [] . ?a a <http://dbpedia.org/ontology/Place> }
dbo:Place;;;what is the Stadium of <X>;SELECT ?x WHERE { <X> <http://dbpedia.org/ontology/stadium> ?x };SELECT ?a WHERE { ?a <http://dbpedia.org/ontology/stadium> [] . ?a a <http://dbpedia.org/ontology/Place> }
dbo:Place;;;what is the start point of <X>;SELECT ?x WHERE { <X> <http://dbpedia.org/ontology/startPoint> ?x };SELECT ?a WHERE { ?a <http://dbpedia.org/ontology/startPoint> [] . ?a a <http://dbpedia.org/ontology/Place> }
dbo:Place;;;what is the state of <X>;SELECT ?x WHERE { <X> <http://dbpedia.org/ontology/state> ?x };SELECT ?a WHERE { ?a <http://dbpedia.org/ontology/state> [] . ?a a <http://dbpedia.org/ontology/Place> }
dbo:Place;;;what is the status of <X>;SELECT ?x WHERE { <X> <http://dbpedia.org/ontology/status> ?x };SELECT ?a WHERE { ?a <http://dbpedia.org/ontology/status> [] . ?a a <http://dbpedia.org/ontology/Place> }
dbo:Place;;;what is the subdivisions of <X>;SELECT ?x WHERE { <X> <http://dbpedia.org/ontology/subdivisions> ?x };SELECT ?a WHERE { ?a <http://dbpedia.org/ontology/subdivisions> [] . ?a a <http://dbpedia.org/ontology/Place> }
dbo:Place;;;what is the subregion of <X>;SELECT ?x WHERE { <X> <http://dbpedia.org/ontology/subregion> ?x };SELECT ?a WHERE { ?a <http://dbpedia.org/ontology/subregion> [] . ?a a <http://dbpedia.org/ontology/Place> }
dbo:Place;;;what is the subtitle of <X>;SELECT ?x WHERE { <X> <http://dbpedia.org/ontology/subtitle> ?x };SELECT ?a WHERE { ?a <http://dbpedia.org/ontology/subtitle> [] . ?a a <http://dbpedia.org/ontology/Place> }
dbo:Place;;;what is the successful launches of <X>;SELECT ?x WHERE { <X> <http://dbpedia.org/ontology/successfulLaunches> ?x };SELECT ?a WHERE { ?a <http://dbpedia.org/ontology/successfulLaunches> [] . ?a a <http://dbpedia.org/ontology/Place> }
dbo:Place;;;what is the successor of <X>;SELECT ?x WHERE { <X> <http://dbpedia.org/ontology/successor> ?x };SELECT ?a WHERE { ?a <http://dbpedia.org/ontology/successor> [] . ?a a <http://dbpedia.org/ontology/Place> }
dbo:Place;;;what is the SUDOC id of <X>;SELECT ?x WHERE { <X> <http://dbpedia.org/ontology/sudocId> ?x };SELECT ?a WHERE { ?a <http://dbpedia.org/ontology/sudocId> [] . ?a a <http://dbpedia.org/ontology/Place> }
dbo:Place;;;what is the synonym of <X>;SELECT ?x WHERE { <X> <http://dbpedia.org/ontology/synonym> ?x };SELECT ?a WHERE { ?a <http://dbpedia.org/ontology/synonym> [] . ?a a <http://dbpedia.org/ontology/Place> }
dbo:Place;;;what is the taoiseach of <X>;SELECT ?x WHERE { <X> <http://dbpedia.org/ontology/taoiseach> ?x };SELECT ?a WHERE { ?a <http://dbpedia.org/ontology/taoiseach> [] . ?a a <http://dbpedia.org/ontology/Place> }
dbo:Place;;;what is the team of <X>;SELECT ?x WHERE { <X> <http://dbpedia.org/ontology/team> ?x };SELECT ?a WHERE { ?a <http://dbpedia.org/ontology/team> [] . ?a a <http://dbpedia.org/ontology/Place> }
dbo:Place;;;what is the team size of <X>;SELECT ?x WHERE { <X> <http://dbpedia.org/ontology/teamSize> ?x };SELECT ?a WHERE { ?a <http://dbpedia.org/ontology/teamSize> [] . ?a a <http://dbpedia.org/ontology/Place> }
dbo:Place;;;what is the television series of <X>;SELECT ?x WHERE { <X> <http://dbpedia.org/ontology/televisionSeries> ?x };SELECT ?a WHERE { ?a <http://dbpedia.org/ontology/televisionSeries> [] . ?a a <http://dbpedia.org/ontology/Place> }
dbo:Place;;;what is the temperature of <X>;SELECT ?x WHERE { <X> <http://dbpedia.org/ontology/temperature> ?x };SELECT ?a WHERE { ?a <http://dbpedia.org/ontology/temperature> [] . ?a a <http://dbpedia.org/ontology/Place> }
dbo:Place;;;what is the type of tennis surface of <X>;SELECT ?x WHERE { <X> <http://dbpedia.org/ontology/tennisSurfaceType> ?x };SELECT ?a WHERE { ?a <http://dbpedia.org/ontology/tennisSurfaceType> [] . ?a a <http://dbpedia.org/ontology/Place> }
dbo:Place;;;what is the term period of <X>;SELECT ?x WHERE { <X> <http://dbpedia.org/ontology/termPeriod> ?x };SELECT ?a WHERE { ?a <http://dbpedia.org/ontology/termPeriod> [] . ?a a <http://dbpedia.org/ontology/Place> }
dbo:Place;;;what is the thumbnail of <X>;SELECT ?x WHERE { <X> <http://dbpedia.org/ontology/thumbnail> ?x };SELECT ?a WHERE { ?a <http://dbpedia.org/ontology/thumbnail> [] . ?a a <http://dbpedia.org/ontology/Place> }
dbo:Place;;;what is the time of <X>;SELECT ?x WHERE { <X> <http://dbpedia.org/ontology/time> ?x };SELECT ?a WHERE { ?a <http://dbpedia.org/ontology/time> [] . ?a a <http://dbpedia.org/ontology/Place> }
dbo:Place;;;what is the total time person has spent in space of <X>;SELECT ?x WHERE { <X> <http://dbpedia.org/ontology/timeInSpace> ?x };SELECT ?a WHERE { ?a <http://dbpedia.org/ontology/timeInSpace> [] . ?a a <http://dbpedia.org/ontology/Place> }
dbo:Place;;;what is the time zone of <X>;SELECT ?x WHERE { <X> <http://dbpedia.org/ontology/timeZone> ?x };SELECT ?a WHERE { ?a <http://dbpedia.org/ontology/timeZone> [] . ?a a <http://dbpedia.org/ontology/Place> }
dbo:Place;;;what is the title of <X>;SELECT ?x WHERE { <X> <http://dbpedia.org/ontology/title> ?x };SELECT ?a WHERE { ?a <http://dbpedia.org/ontology/title> [] . ?a a <http://dbpedia.org/ontology/Place> }
dbo:Place;;;what is the top speed of <X>;SELECT ?x WHERE { <X> <http://dbpedia.org/ontology/topSpeed> ?x };SELECT ?a WHERE { ?a <http://dbpedia.org/ontology/topSpeed> [] . ?a a <http://dbpedia.org/ontology/Place> }
dbo:Place;;;what is the total launches of <X>;SELECT ?x WHERE { <X> <http://dbpedia.org/ontology/totalLaunches> ?x };SELECT ?a WHERE { ?a <http://dbpedia.org/ontology/totalLaunches> [] . ?a a <http://dbpedia.org/ontology/Place> }
dbo:Place;;;what is the type of <X>;SELECT ?x WHERE { <X> <http://dbpedia.org/ontology/type> ?x };SELECT ?a WHERE { ?a <http://dbpedia.org/ontology/type> [] . ?a a <http://dbpedia.org/ontology/Place> }
dbo:Place;;;what is the ULAN id of <X>;SELECT ?x WHERE { <X> <http://dbpedia.org/ontology/ulanId> ?x };SELECT ?a WHERE { ?a <http://dbpedia.org/ontology/ulanId> [] . ?a a <http://dbpedia.org/ontology/Place> }
dbo:Place;;;what is the university of <X>;SELECT ?x WHERE { <X> <http://dbpedia.org/ontology/university> ?x };SELECT ?a WHERE { ?a <http://dbpedia.org/ontology/university> [] . ?a a <http://dbpedia.org/ontology/Place> }
dbo:Place;;;what is the UTC offset of <X>;SELECT ?x WHERE { <X> <http://dbpedia.org/ontology/utcOffset> ?x };SELECT ?a WHERE { ?a <http://dbpedia.org/ontology/utcOffset> [] . ?a a <http://dbpedia.org/ontology/Place> }
dbo:Place;;;what is the variant or variation of <X>;SELECT ?x WHERE { <X> <http://dbpedia.org/ontology/variantOf> ?x };SELECT ?a WHERE { ?a <http://dbpedia.org/ontology/variantOf> [] . ?a a <http://dbpedia.org/ontology/Place> }
dbo:Place;;;what is the vehicle of <X>;SELECT ?x WHERE { <X> <http://dbpedia.org/ontology/vehicle> ?x };SELECT ?a WHERE { ?a <http://dbpedia.org/ontology/vehicle> [] . ?a a <http://dbpedia.org/ontology/Place> }
dbo:Place;;;what is the VIAF Id of <X>;SELECT ?x WHERE { <X> <http://dbpedia.org/ontology/viafId> ?x };SELECT ?a WHERE { ?a <http://dbpedia.org/ontology/viafId> [] . ?a a <http://dbpedia.org/ontology/Place> }
dbo:Place;;;what is the vice chancellor of <X>;SELECT ?x WHERE { <X> <http://dbpedia.org/ontology/viceChancellor> ?x };SELECT ?a WHERE { ?a <http://dbpedia.org/ontology/viceChancellor> [] . ?a a <http://dbpedia.org/ontology/Place> }
dbo:Place;;;what is the vice president of <X>;SELECT ?x WHERE { <X> <http://dbpedia.org/ontology/vicePresident> ?x };SELECT ?a WHERE { ?a <http://dbpedia.org/ontology/vicePresident> [] . ?a a <http://dbpedia.org/ontology/Place> }
dbo:Place;;;what is the vice prime minister of <X>;SELECT ?x WHERE { <X> <http://dbpedia.org/ontology/vicePrimeMinister> ?x };SELECT ?a WHERE { ?a <http://dbpedia.org/ontology/vicePrimeMinister> [] . ?a a <http://dbpedia.org/ontology/Place> }
dbo:Place;;;what is the victim (resource) of <X>;SELECT ?x WHERE { <X> <http://dbpedia.org/ontology/victim> ?x };SELECT ?a WHERE { ?a <http://dbpedia.org/ontology/victim> [] . ?a a <http://dbpedia.org/ontology/Place> }
dbo:Place;;;what is the victims (string) of <X>;SELECT ?x WHERE { <X> <http://dbpedia.org/ontology/victims> ?x };SELECT ?a WHERE { ?a <http://dbpedia.org/ontology/victims> [] . ?a a <http://dbpedia.org/ontology/Place> }
dbo:Place;;;what is the voice of <X>;SELECT ?x WHERE { <X> <http://dbpedia.org/ontology/voice> ?x };SELECT ?a WHERE { ?a <http://dbpedia.org/ontology/voice> [] . ?a a <http://dbpedia.org/ontology/Place> }
dbo:Place;;;what is the volume of <X>;SELECT ?x WHERE { <X> <http://dbpedia.org/ontology/volume> ?x };SELECT ?a WHERE { ?a <http://dbpedia.org/ontology/volume> [] . ?a a <http://dbpedia.org/ontology/Place> }
dbo:Place;;;what is the volume quote of <X>;SELECT ?x WHERE { <X> <http://dbpedia.org/ontology/volumeQuote> ?x };SELECT ?a WHERE { ?a <http://dbpedia.org/ontology/volumeQuote> [] . ?a a <http://dbpedia.org/ontology/Place> }
dbo:Place;;;what is the webcast of <X>;SELECT ?x WHERE { <X> <http://dbpedia.org/ontology/webcast> ?x };SELECT ?a WHERE { ?a <http://dbpedia.org/ontology/webcast> [] . ?a a <http://dbpedia.org/ontology/Place> }
dbo:Place;;;what is the weight of <X>;SELECT ?x WHERE { <X> <http://dbpedia.org/ontology/weight> ?x };SELECT ?a WHERE { ?a <http://dbpedia.org/ontology/weight> [] . ?a a <http://dbpedia.org/ontology/Place> }
dbo:Place;;;what is the width of <X>;SELECT ?x WHERE { <X> <http://dbpedia.org/ontology/width> ?x };SELECT ?a WHERE { ?a <http://dbpedia.org/ontology/width> [] . ?a a <http://dbpedia.org/ontology/Place> }
dbo:Place;;;what is the width quote of <X>;SELECT ?x WHERE { <X> <http://dbpedia.org/ontology/widthQuote> ?x };SELECT ?a WHERE { ?a <http://dbpedia.org/ontology/widthQuote> [] . ?a a <http://dbpedia.org/ontology/Place> }
dbo:Place;;;what is the Wikipage disambiguates of <X>;SELECT ?x WHERE { <X> <http://dbpedia.org/ontology/wikiPageDisambiguates> ?x };SELECT ?a WHERE { ?a <http://dbpedia.org/ontology/wikiPageDisambiguates> [] . ?a a <http://dbpedia.org/ontology/Place> }
dbo:Place;;;what is the Link from a Wikipage to an external page of <X>;SELECT ?x WHERE { <X> <http://dbpedia.org/ontology/wikiPageExternalLink> ?x };SELECT ?a WHERE { ?a <http://dbpedia.org/ontology/wikiPageExternalLink> [] . ?a a <http://dbpedia.org/ontology/Place> }
dbo:Place;;;what is the Wikipage page ID of <X>;SELECT ?x WHERE { <X> <http://dbpedia.org/ontology/wikiPageID> ?x };SELECT ?a WHERE { ?a <http://dbpedia.org/ontology/wikiPageID> [] . ?a a <http://dbpedia.org/ontology/Place> }
dbo:Place;;;what is the Wikipage redirect of <X>;SELECT ?x WHERE { <X> <http://dbpedia.org/ontology/wikiPageRedirects> ?x };SELECT ?a WHERE { ?a <http://dbpedia.org/ontology/wikiPageRedirects> [] . ?a a <http://dbpedia.org/ontology/Place> }
dbo:Place;;;what is the Wikipage revision ID of <X>;SELECT ?x WHERE { <X> <http://dbpedia.org/ontology/wikiPageRevisionID> ?x };SELECT ?a WHERE { ?a <http://dbpedia.org/ontology/wikiPageRevisionID> [] . ?a a <http://dbpedia.org/ontology/Place> }
dbo:Place;;;what is the wins of <X>;SELECT ?x WHERE { <X> <http://dbpedia.org/ontology/wins> ?x };SELECT ?a WHERE { ?a <http://dbpedia.org/ontology/wins> [] . ?a a <http://dbpedia.org/ontology/Place> }
dbo:Place;;;what is the year of <X>;SELECT ?x WHERE { <X> <http://dbpedia.org/ontology/year> ?x };SELECT ?a WHERE { ?a <http://dbpedia.org/ontology/year> [] . ?a a <http://dbpedia.org/ontology/Place> }
dbo:Place;;;what is the year of construction of <X>;SELECT ?x WHERE { <X> <http://dbpedia.org/ontology/yearOfConstruction> ?x };SELECT ?a WHERE { ?a <http://dbpedia.org/ontology/yearOfConstruction> [] . ?a a <http://dbpedia.org/ontology/Place> }
