dbo:Place;;;what is the abstract of <A>;select ?a where { <A> <http://dbpedia.org/ontology/abstract> ?a };select ?a where { ?a <http://dbpedia.org/ontology/abstract> [] . ?a a <http://dbpedia.org/ontology/Place> }
dbo:Place;;;what is the access of <A>;select ?a where { <A> <http://dbpedia.org/ontology/access> ?a };select ?a where { ?a <http://dbpedia.org/ontology/access> [] . ?a a <http://dbpedia.org/ontology/Place> }
dbo:Place;;;when is the end of active years of <A>;select ?a where { <A> <http://dbpedia.org/ontology/activeYearsEndDate> ?a };select ?a where { ?a <http://dbpedia.org/ontology/activeYearsEndDate> [] . ?a a <http://dbpedia.org/ontology/Place> }
dbo:Place;;;what is the end year of active years of <A>;select ?a where { <A> <http://dbpedia.org/ontology/activeYearsEndYear> ?a };select ?a where { ?a <http://dbpedia.org/ontology/activeYearsEndYear> [] . ?a a <http://dbpedia.org/ontology/Place> }
dbo:Place;;;when is the start of active years of <A>;select ?a where { <A> <http://dbpedia.org/ontology/activeYearsStartDate> ?a };select ?a where { ?a <http://dbpedia.org/ontology/activeYearsStartDate> [] . ?a a <http://dbpedia.org/ontology/Place> }
dbo:Place;;;when is the start year of active years of <A>;select ?a where { <A> <http://dbpedia.org/ontology/activeYearsStartYear> ?a };select ?a where { ?a <http://dbpedia.org/ontology/activeYearsStartYear> [] . ?a a <http://dbpedia.org/ontology/Place> }
dbo:Place;;;what is the address of <A>;select ?a where { <A> <http://dbpedia.org/ontology/address> ?a };select ?a where { ?a <http://dbpedia.org/ontology/address> [] . ?a a <http://dbpedia.org/ontology/Place> }
dbo:Place;;;what is the affiliation of <A>;select ?a where { <A> <http://dbpedia.org/ontology/affiliation> ?a };select ?a where { ?a <http://dbpedia.org/ontology/affiliation> [] . ?a a <http://dbpedia.org/ontology/Place> }
dbo:Place;;;what is the age range of <A>;select ?a where { <A> <http://dbpedia.org/ontology/ageRange> ?a };select ?a where { ?a <http://dbpedia.org/ontology/ageRange> [] . ?a a <http://dbpedia.org/ontology/Place> }
dbo:Place;;;what is the album of <A>;select ?a where { <A> <http://dbpedia.org/ontology/album> ?a };select ?a where { ?a <http://dbpedia.org/ontology/album> [] . ?a a <http://dbpedia.org/ontology/Place> }
dbo:Place;;;what is the alias of <A>;select ?a where { <A> <http://dbpedia.org/ontology/alias> ?a };select ?a where { ?a <http://dbpedia.org/ontology/alias> [] . ?a a <http://dbpedia.org/ontology/Place> }
dbo:Place;;;what is the alternative name of <A>;select ?a where { <A> <http://dbpedia.org/ontology/alternativeName> ?a };select ?a where { ?a <http://dbpedia.org/ontology/alternativeName> [] . ?a a <http://dbpedia.org/ontology/Place> }
dbo:Place;;;what is the animal of <A>;select ?a where { <A> <http://dbpedia.org/ontology/animal> ?a };select ?a where { ?a <http://dbpedia.org/ontology/animal> [] . ?a a <http://dbpedia.org/ontology/Place> }
dbo:Place;;;what is the anthem of <A>;select ?a where { <A> <http://dbpedia.org/ontology/anthem> ?a };select ?a where { ?a <http://dbpedia.org/ontology/anthem> [] . ?a a <http://dbpedia.org/ontology/Place> }
dbo:Place;;;who is the appointer of <A>;select ?a where { <A> <http://dbpedia.org/ontology/appointer> ?a };select ?a where { ?a <http://dbpedia.org/ontology/appointer> [] . ?a a <http://dbpedia.org/ontology/Place> }
dbo:Place;;;what is the area of <A>;select ?a where { <A> <http://dbpedia.org/ontology/area> ?a };select ?a where { ?a <http://dbpedia.org/ontology/area> [] . ?a a <http://dbpedia.org/ontology/Place> }
dbo:Place;;;what is the area code of <A>;select ?a where { <A> <http://dbpedia.org/ontology/areaCode> ?a };select ?a where { ?a <http://dbpedia.org/ontology/areaCode> [] . ?a a <http://dbpedia.org/ontology/Place> }
dbo:Place;;;what is the land area of <A>;select ?a where { <A> <http://dbpedia.org/ontology/areaLand> ?a };select ?a where { ?a <http://dbpedia.org/ontology/areaLand> [] . ?a a <http://dbpedia.org/ontology/Place> }
dbo:Place;;;what is the metro are of <A>;select ?a where { <A> <http://dbpedia.org/ontology/areaMetro> ?a };select ?a where { ?a <http://dbpedia.org/ontology/areaMetro> [] . ?a a <http://dbpedia.org/ontology/Place> }
dbo:Place;;;what is the area of catchment quote of <A>;select ?a where { <A> <http://dbpedia.org/ontology/areaOfCatchmentQuote> ?a };select ?a where { ?a <http://dbpedia.org/ontology/areaOfCatchmentQuote> [] . ?a a <http://dbpedia.org/ontology/Place> }
dbo:Place;;;what is the area quote of <A>;select ?a where { <A> <http://dbpedia.org/ontology/areaQuote> ?a };select ?a where { ?a <http://dbpedia.org/ontology/areaQuote> [] . ?a a <http://dbpedia.org/ontology/Place> }
dbo:Place;;;what is the area total of <A>;select ?a where { <A> <http://dbpedia.org/ontology/areaTotal> ?a };select ?a where { ?a <http://dbpedia.org/ontology/areaTotal> [] . ?a a <http://dbpedia.org/ontology/Place> }
dbo:Place;;;what is the area water of <A>;select ?a where { <A> <http://dbpedia.org/ontology/areaWater> ?a };select ?a where { ?a <http://dbpedia.org/ontology/areaWater> [] . ?a a <http://dbpedia.org/ontology/Place> }
dbo:Place;;;who is the associate of <A>;select ?a where { <A> <http://dbpedia.org/ontology/associate> ?a };select ?a where { ?a <http://dbpedia.org/ontology/associate> [] . ?a a <http://dbpedia.org/ontology/Place> }
dbo:Place;;;what is the associated band of <A>;select ?a where { <A> <http://dbpedia.org/ontology/associatedBand> ?a };select ?a where { ?a <http://dbpedia.org/ontology/associatedBand> [] . ?a a <http://dbpedia.org/ontology/Place> }
dbo:Place;;;what is the associated musical artist of <A>;select ?a where { <A> <http://dbpedia.org/ontology/associatedMusicalArtist> ?a };select ?a where { ?a <http://dbpedia.org/ontology/associatedMusicalArtist> [] . ?a a <http://dbpedia.org/ontology/Place> }
dbo:Place;;;what is the atc prefix of <A>;select ?a where { <A> <http://dbpedia.org/ontology/atcPrefix> ?a };select ?a where { ?a <http://dbpedia.org/ontology/atcPrefix> [] . ?a a <http://dbpedia.org/ontology/Place> }
dbo:Place;;;what is the atc suffix of <A>;select ?a where { <A> <http://dbpedia.org/ontology/atcSuffix> ?a };select ?a where { ?a <http://dbpedia.org/ontology/atcSuffix> [] . ?a a <http://dbpedia.org/ontology/Place> }
dbo:Place;;;what is the authority of <A>;select ?a where { <A> <http://dbpedia.org/ontology/authority> ?a };select ?a where { ?a <http://dbpedia.org/ontology/authority> [] . ?a a <http://dbpedia.org/ontology/Place> }
dbo:Place;;;what is the average depth of <A>;select ?a where { <A> <http://dbpedia.org/ontology/averageDepth> ?a };select ?a where { ?a <http://dbpedia.org/ontology/averageDepth> [] . ?a a <http://dbpedia.org/ontology/Place> }
dbo:Place;;;what is the average depth quote of <A>;select ?a where { <A> <http://dbpedia.org/ontology/averageDepthQuote> ?a };select ?a where { ?a <http://dbpedia.org/ontology/averageDepthQuote> [] . ?a a <http://dbpedia.org/ontology/Place> }
dbo:Place;;;what is the average speed of <A>;select ?a where { <A> <http://dbpedia.org/ontology/averageSpeed> ?a };select ?a where { ?a <http://dbpedia.org/ontology/averageSpeed> [] . ?a a <http://dbpedia.org/ontology/Place> }
dbo:Place;;;what is the award of <A>;select ?a where { <A> <http://dbpedia.org/ontology/award> ?a };select ?a where { ?a <http://dbpedia.org/ontology/award> [] . ?a a <http://dbpedia.org/ontology/Place> }
dbo:Place;;;what is the background of <A>;select ?a where { <A> <http://dbpedia.org/ontology/background> ?a };select ?a where { ?a <http://dbpedia.org/ontology/background> [] . ?a a <http://dbpedia.org/ontology/Place> }
dbo:Place;;;what is the battle of <A>;select ?a where { <A> <http://dbpedia.org/ontology/battle> ?a };select ?a where { ?a <http://dbpedia.org/ontology/battle> [] . ?a a <http://dbpedia.org/ontology/Place> }
dbo:Place;;;what is the bibsys id of <A>;select ?a where { <A> <http://dbpedia.org/ontology/bibsysId> ?a };select ?a where { ?a <http://dbpedia.org/ontology/bibsysId> [] . ?a a <http://dbpedia.org/ontology/Place> }
dbo:Place;;;what is the biome of <A>;select ?a where { <A> <http://dbpedia.org/ontology/biome> ?a };select ?a where { ?a <http://dbpedia.org/ontology/biome> [] . ?a a <http://dbpedia.org/ontology/Place> }
dbo:Place;;;what is the bnf id of <A>;select ?a where { <A> <http://dbpedia.org/ontology/bnfId> ?a };select ?a where { ?a <http://dbpedia.org/ontology/bnfId> [] . ?a a <http://dbpedia.org/ontology/Place> }
dbo:Place;;;what is the border of <A>;select ?a where { <A> <http://dbpedia.org/ontology/border> ?a };select ?a where { ?a <http://dbpedia.org/ontology/border> [] . ?a a <http://dbpedia.org/ontology/Place> }
dbo:Place;;;what is the bpn id of <A>;select ?a where { <A> <http://dbpedia.org/ontology/bpnId> ?a };select ?a where { ?a <http://dbpedia.org/ontology/bpnId> [] . ?a a <http://dbpedia.org/ontology/Place> }
dbo:Place;;;what is the budget of <A>;select ?a where { <A> <http://dbpedia.org/ontology/budget> ?a };select ?a where { ?a <http://dbpedia.org/ontology/budget> [] . ?a a <http://dbpedia.org/ontology/Place> }
dbo:Place;;;who is the builder of <A>;select ?a where { <A> <http://dbpedia.org/ontology/builder> ?a };select ?a where { ?a <http://dbpedia.org/ontology/builder> [] . ?a a <http://dbpedia.org/ontology/Place> }
dbo:Place;;;what is the building end date of <A>;select ?a where { <A> <http://dbpedia.org/ontology/buildingEndDate> ?a };select ?a where { ?a <http://dbpedia.org/ontology/buildingEndDate> [] . ?a a <http://dbpedia.org/ontology/Place> }
dbo:Place;;;what is the building start date of <A>;select ?a where { <A> <http://dbpedia.org/ontology/buildingStartDate> ?a };select ?a where { ?a <http://dbpedia.org/ontology/buildingStartDate> [] . ?a a <http://dbpedia.org/ontology/Place> }
dbo:Place;;;what is the call sign of <A>;select ?a where { <A> <http://dbpedia.org/ontology/callSign> ?a };select ?a where { ?a <http://dbpedia.org/ontology/callSign> [] . ?a a <http://dbpedia.org/ontology/Place> }
dbo:Place;;;what is the capacity of <A>;select ?a where { <A> <http://dbpedia.org/ontology/capacity> ?a };select ?a where { ?a <http://dbpedia.org/ontology/capacity> [] . ?a a <http://dbpedia.org/ontology/Place> }
dbo:Place;;;what is the cas number of <A>;select ?a where { <A> <http://dbpedia.org/ontology/casNumber> ?a };select ?a where { ?a <http://dbpedia.org/ontology/casNumber> [] . ?a a <http://dbpedia.org/ontology/Place> }
dbo:Place;;;what is the cas supplemental of <A>;select ?a where { <A> <http://dbpedia.org/ontology/casSupplemental> ?a };select ?a where { ?a <http://dbpedia.org/ontology/casSupplemental> [] . ?a a <http://dbpedia.org/ontology/Place> }
dbo:Place;;;what is the category of <A>;select ?a where { <A> <http://dbpedia.org/ontology/category> ?a };select ?a where { ?a <http://dbpedia.org/ontology/category> [] . ?a a <http://dbpedia.org/ontology/Place> }
dbo:Place;;;what is the chain of <A>;select ?a where { <A> <http://dbpedia.org/ontology/chain> ?a };select ?a where { ?a <http://dbpedia.org/ontology/chain> [] . ?a a <http://dbpedia.org/ontology/Place> }
dbo:Place;;;what is the chair label of <A>;select ?a where { <A> <http://dbpedia.org/ontology/chairLabel> ?a };select ?a where { ?a <http://dbpedia.org/ontology/chairLabel> [] . ?a a <http://dbpedia.org/ontology/Place> }
dbo:Place;;;who is the chairman of <A>;select ?a where { <A> <http://dbpedia.org/ontology/chairman> ?a };select ?a where { ?a <http://dbpedia.org/ontology/chairman> [] . ?a a <http://dbpedia.org/ontology/Place> }
dbo:Place;;;who is the chancellor of <A>;select ?a where { <A> <http://dbpedia.org/ontology/chancellor> ?a };select ?a where { ?a <http://dbpedia.org/ontology/chancellor> [] . ?a a <http://dbpedia.org/ontology/Place> }
dbo:Place;;;what is the channel of <A>;select ?a where { <A> <http://dbpedia.org/ontology/channel> ?a };select ?a where { ?a <http://dbpedia.org/ontology/channel> [] . ?a a <http://dbpedia.org/ontology/Place> }
dbo:Place;;;what is the city of <A>;select ?a where { <A> <http://dbpedia.org/ontology/city> ?a };select ?a where { ?a <http://dbpedia.org/ontology/city> [] . ?a a <http://dbpedia.org/ontology/Place> }
dbo:Place;;;what is the class of <A>;select ?a where { <A> <http://dbpedia.org/ontology/class> ?a };select ?a where { ?a <http://dbpedia.org/ontology/class> [] . ?a a <http://dbpedia.org/ontology/Place> }
dbo:Place;;;what is the closing date of <A>;select ?a where { <A> <http://dbpedia.org/ontology/closingDate> ?a };select ?a where { ?a <http://dbpedia.org/ontology/closingDate> [] . ?a a <http://dbpedia.org/ontology/Place> }
dbo:Place;;;what is the closing year of <A>;select ?a where { <A> <http://dbpedia.org/ontology/closingYear> ?a };select ?a where { ?a <http://dbpedia.org/ontology/closingYear> [] . ?a a <http://dbpedia.org/ontology/Place> }
dbo:Place;;;what is the coach of <A>;select ?a where { <A> <http://dbpedia.org/ontology/coach> ?a };select ?a where { ?a <http://dbpedia.org/ontology/coach> [] . ?a a <http://dbpedia.org/ontology/Place> }
dbo:Place;;;what is the coached team of <A>;select ?a where { <A> <http://dbpedia.org/ontology/coachedTeam> ?a };select ?a where { ?a <http://dbpedia.org/ontology/coachedTeam> [] . ?a a <http://dbpedia.org/ontology/Place> }
dbo:Place;;;what is the code of <A>;select ?a where { <A> <http://dbpedia.org/ontology/code> ?a };select ?a where { ?a <http://dbpedia.org/ontology/code> [] . ?a a <http://dbpedia.org/ontology/Place> }
dbo:Place;;;what is the colour of <A>;select ?a where { <A> <http://dbpedia.org/ontology/colour> ?a };select ?a where { ?a <http://dbpedia.org/ontology/colour> [] . ?a a <http://dbpedia.org/ontology/Place> }
dbo:Place;;;what is the colour hex code of <A>;select ?a where { <A> <http://dbpedia.org/ontology/colourHexCode> ?a };select ?a where { ?a <http://dbpedia.org/ontology/colourHexCode> [] . ?a a <http://dbpedia.org/ontology/Place> }
dbo:Place;;;what is the colour name of <A>;select ?a where { <A> <http://dbpedia.org/ontology/colourName> ?a };select ?a where { ?a <http://dbpedia.org/ontology/colourName> [] . ?a a <http://dbpedia.org/ontology/Place> }
dbo:Place;;;who is the commander of <A>;select ?a where { <A> <http://dbpedia.org/ontology/commander> ?a };select ?a where { ?a <http://dbpedia.org/ontology/commander> [] . ?a a <http://dbpedia.org/ontology/Place> }
dbo:Place;;;what is the committee of <A>;select ?a where { <A> <http://dbpedia.org/ontology/committee> ?a };select ?a where { ?a <http://dbpedia.org/ontology/committee> [] . ?a a <http://dbpedia.org/ontology/Place> }
dbo:Place;;;what is the common name of <A>;select ?a where { <A> <http://dbpedia.org/ontology/commonName> ?a };select ?a where { ?a <http://dbpedia.org/ontology/commonName> [] . ?a a <http://dbpedia.org/ontology/Place> }
dbo:Place;;;what is the company of <A>;select ?a where { <A> <http://dbpedia.org/ontology/company> ?a };select ?a where { ?a <http://dbpedia.org/ontology/company> [] . ?a a <http://dbpedia.org/ontology/Place> }
dbo:Place;;;what is the connotation of <A>;select ?a where { <A> <http://dbpedia.org/ontology/connotation> ?a };select ?a where { ?a <http://dbpedia.org/ontology/connotation> [] . ?a a <http://dbpedia.org/ontology/Place> }
dbo:Place;;;what is the cospar id of <A>;select ?a where { <A> <http://dbpedia.org/ontology/cosparId> ?a };select ?a where { ?a <http://dbpedia.org/ontology/cosparId> [] . ?a a <http://dbpedia.org/ontology/Place> }
dbo:Place;;;what is the cost of <A>;select ?a where { <A> <http://dbpedia.org/ontology/cost> ?a };select ?a where { ?a <http://dbpedia.org/ontology/cost> [] . ?a a <http://dbpedia.org/ontology/Place> }
dbo:Place;;;what is the country of <A>;select ?a where { <A> <http://dbpedia.org/ontology/country> ?a };select ?a where { ?a <http://dbpedia.org/ontology/country> [] . ?a a <http://dbpedia.org/ontology/Place> }
dbo:Place;;;what is the county of <A>;select ?a where { <A> <http://dbpedia.org/ontology/county> ?a };select ?a where { ?a <http://dbpedia.org/ontology/county> [] . ?a a <http://dbpedia.org/ontology/Place> }
dbo:Place;;;what is the cpu of <A>;select ?a where { <A> <http://dbpedia.org/ontology/cpu> ?a };select ?a where { ?a <http://dbpedia.org/ontology/cpu> [] . ?a a <http://dbpedia.org/ontology/Place> }
dbo:Place;;;who is the creator of <A>;select ?a where { <A> <http://dbpedia.org/ontology/creator> ?a };select ?a where { ?a <http://dbpedia.org/ontology/creator> [] . ?a a <http://dbpedia.org/ontology/Place> }
dbo:Place;;;what is the cuisine of <A>;select ?a where { <A> <http://dbpedia.org/ontology/cuisine> ?a };select ?a where { ?a <http://dbpedia.org/ontology/cuisine> [] . ?a a <http://dbpedia.org/ontology/Place> }
dbo:Place;;;what is the currency of <A>;select ?a where { <A> <http://dbpedia.org/ontology/currency> ?a };select ?a where { ?a <http://dbpedia.org/ontology/currency> [] . ?a a <http://dbpedia.org/ontology/Place> }
dbo:Place;;;what is the current status of <A>;select ?a where { <A> <http://dbpedia.org/ontology/currentStatus> ?a };select ?a where { ?a <http://dbpedia.org/ontology/currentStatus> [] . ?a a <http://dbpedia.org/ontology/Place> }
dbo:Place;;;what is the date of <A>;select ?a where { <A> <http://dbpedia.org/ontology/date> ?a };select ?a where { ?a <http://dbpedia.org/ontology/date> [] . ?a a <http://dbpedia.org/ontology/Place> }
dbo:Place;;;what is the date of abandonment of <A>;select ?a where { <A> <http://dbpedia.org/ontology/dateOfAbandonment> ?a };select ?a where { ?a <http://dbpedia.org/ontology/dateOfAbandonment> [] . ?a a <http://dbpedia.org/ontology/Place> }
dbo:Place;;;what is the daylight saving time zone of <A>;select ?a where { <A> <http://dbpedia.org/ontology/daylightSavingTimeZone> ?a };select ?a where { ?a <http://dbpedia.org/ontology/daylightSavingTimeZone> [] . ?a a <http://dbpedia.org/ontology/Place> }
dbo:Place;;;what is the creator of <A>;select ?a where { <A> <http://purl.org/dc/terms/creator> ?a };select ?a where { ?a <http://purl.org/dc/terms/creator> [] . ?a a <http://dbpedia.org/ontology/Place> }
dbo:Place;;;what is the language of <A>;select ?a where { <A> <http://purl.org/dc/elements/1.1/language> ?a };select ?a where { ?a <http://purl.org/dc/elements/1.1/language> [] . ?a a <http://dbpedia.org/ontology/Place> }
dbo:Place;;;what is the rights of <A>;select ?a where { <A> <http://purl.org/dc/elements/1.1/rights> ?a };select ?a where { ?a <http://purl.org/dc/elements/1.1/rights> [] . ?a a <http://dbpedia.org/ontology/Place> }
dbo:Place;;;what is the subject of <A>;select ?a where { <A> <http://purl.org/dc/elements/1.1/subject> ?a };select ?a where { ?a <http://purl.org/dc/elements/1.1/subject> [] . ?a a <http://dbpedia.org/ontology/Place> }
dbo:Place;;;what is the type of <A>;select ?a where { <A> <http://purl.org/dc/elements/1.1/type> ?a };select ?a where { ?a <http://purl.org/dc/elements/1.1/type> [] . ?a a <http://dbpedia.org/ontology/Place> }
dbo:Place;;;what is the description of <A>;select ?a where { <A> <http://purl.org/dc/terms/description> ?a };select ?a where { ?a <http://purl.org/dc/terms/description> [] . ?a a <http://dbpedia.org/ontology/Place> }
dbo:Place;;;what is the modified of <A>;select ?a where { <A> <http://purl.org/dc/terms/modified> ?a };select ?a where { ?a <http://purl.org/dc/terms/modified> [] . ?a a <http://dbpedia.org/ontology/Place> }
dbo:Place;;;what is the subject of <A>;select ?a where { <A> <http://purl.org/dc/terms/subject> ?a };select ?a where { ?a <http://purl.org/dc/terms/subject> [] . ?a a <http://dbpedia.org/ontology/Place> }
dbo:Place;;;what is the delivery date of <A>;select ?a where { <A> <http://dbpedia.org/ontology/deliveryDate> ?a };select ?a where { ?a <http://dbpedia.org/ontology/deliveryDate> [] . ?a a <http://dbpedia.org/ontology/Place> }
dbo:Place;;;what is the demonym of <A>;select ?a where { <A> <http://dbpedia.org/ontology/demonym> ?a };select ?a where { ?a <http://dbpedia.org/ontology/demonym> [] . ?a a <http://dbpedia.org/ontology/Place> }
dbo:Place;;;what is the density of <A>;select ?a where { <A> <http://dbpedia.org/ontology/density> ?a };select ?a where { ?a <http://dbpedia.org/ontology/density> [] . ?a a <http://dbpedia.org/ontology/Place> }
dbo:Place;;;what is the depiction description of <A>;select ?a where { <A> <http://dbpedia.org/ontology/depictionDescription> ?a };select ?a where { ?a <http://dbpedia.org/ontology/depictionDescription> [] . ?a a <http://dbpedia.org/ontology/Place> }
dbo:Place;;;what is the depth of <A>;select ?a where { <A> <http://dbpedia.org/ontology/depth> ?a };select ?a where { ?a <http://dbpedia.org/ontology/depth> [] . ?a a <http://dbpedia.org/ontology/Place> }
dbo:Place;;;who is the deputy of <A>;select ?a where { <A> <http://dbpedia.org/ontology/deputy> ?a };select ?a where { ?a <http://dbpedia.org/ontology/deputy> [] . ?a a <http://dbpedia.org/ontology/Place> }
dbo:Place;;;what is the description of <A>;select ?a where { <A> <http://dbpedia.org/ontology/description> ?a };select ?a where { ?a <http://dbpedia.org/ontology/description> [] . ?a a <http://dbpedia.org/ontology/Place> }
dbo:Place;;;what is the designer company of <A>;select ?a where { <A> <http://dbpedia.org/ontology/designCompany> ?a };select ?a where { ?a <http://dbpedia.org/ontology/designCompany> [] . ?a a <http://dbpedia.org/ontology/Place> }
dbo:Place;;;who is the designer of <A>;select ?a where { <A> <http://dbpedia.org/ontology/designer> ?a };select ?a where { ?a <http://dbpedia.org/ontology/designer> [] . ?a a <http://dbpedia.org/ontology/Place> }
dbo:Place;;;what is the destruction date of <A>;select ?a where { <A> <http://dbpedia.org/ontology/destructionDate> ?a };select ?a where { ?a <http://dbpedia.org/ontology/destructionDate> [] . ?a a <http://dbpedia.org/ontology/Place> }
dbo:Place;;;what is the developer of <A>;select ?a where { <A> <http://dbpedia.org/ontology/developer> ?a };select ?a where { ?a <http://dbpedia.org/ontology/developer> [] . ?a a <http://dbpedia.org/ontology/Place> }
dbo:Place;;;what is the diameter of <A>;select ?a where { <A> <http://dbpedia.org/ontology/diameter> ?a };select ?a where { ?a <http://dbpedia.org/ontology/diameter> [] . ?a a <http://dbpedia.org/ontology/Place> }
dbo:Place;;;who is the discoverer of <A>;select ?a where { <A> <http://dbpedia.org/ontology/discoverer> ?a };select ?a where { ?a <http://dbpedia.org/ontology/discoverer> [] . ?a a <http://dbpedia.org/ontology/Place> }
dbo:Place;;;what is the distance of <A>;select ?a where { <A> <http://dbpedia.org/ontology/distance> ?a };select ?a where { ?a <http://dbpedia.org/ontology/distance> [] . ?a a <http://dbpedia.org/ontology/Place> }
dbo:Place;;;what is the distributor of <A>;select ?a where { <A> <http://dbpedia.org/ontology/distributor> ?a };select ?a where { ?a <http://dbpedia.org/ontology/distributor> [] . ?a a <http://dbpedia.org/ontology/Place> }
dbo:Place;;;what is the district of <A>;select ?a where { <A> <http://dbpedia.org/ontology/district> ?a };select ?a where { ?a <http://dbpedia.org/ontology/district> [] . ?a a <http://dbpedia.org/ontology/Place> }
dbo:Place;;;what is the division of <A>;select ?a where { <A> <http://dbpedia.org/ontology/division> ?a };select ?a where { ?a <http://dbpedia.org/ontology/division> [] . ?a a <http://dbpedia.org/ontology/Place> }
dbo:Place;;;what is the draft of <A>;select ?a where { <A> <http://dbpedia.org/ontology/draft> ?a };select ?a where { ?a <http://dbpedia.org/ontology/draft> [] . ?a a <http://dbpedia.org/ontology/Place> }
dbo:Place;;;what is the draft year of <A>;select ?a where { <A> <http://dbpedia.org/ontology/draftYear> ?a };select ?a where { ?a <http://dbpedia.org/ontology/draftYear> [] . ?a a <http://dbpedia.org/ontology/Place> }
dbo:Place;;;what is the drugbank of <A>;select ?a where { <A> <http://dbpedia.org/ontology/drugbank> ?a };select ?a where { ?a <http://dbpedia.org/ontology/drugbank> [] . ?a a <http://dbpedia.org/ontology/Place> }
dbo:Place;;;what is the duration of <A>;select ?a where { <A> <http://dbpedia.org/ontology/duration> ?a };select ?a where { ?a <http://dbpedia.org/ontology/duration> [] . ?a a <http://dbpedia.org/ontology/Place> }
dbo:Place;;;what is the editor of <A>;select ?a where { <A> <http://dbpedia.org/ontology/editor> ?a };select ?a where { ?a <http://dbpedia.org/ontology/editor> [] . ?a a <http://dbpedia.org/ontology/Place> }
dbo:Place;;;what is the election majority of <A>;select ?a where { <A> <http://dbpedia.org/ontology/electionMajority> ?a };select ?a where { ?a <http://dbpedia.org/ontology/electionMajority> [] . ?a a <http://dbpedia.org/ontology/Place> }
dbo:Place;;;what is the elevation of <A>;select ?a where { <A> <http://dbpedia.org/ontology/elevation> ?a };select ?a where { ?a <http://dbpedia.org/ontology/elevation> [] . ?a a <http://dbpedia.org/ontology/Place> }
dbo:Place;;;what is the elevation quote of <A>;select ?a where { <A> <http://dbpedia.org/ontology/elevationQuote> ?a };select ?a where { ?a <http://dbpedia.org/ontology/elevationQuote> [] . ?a a <http://dbpedia.org/ontology/Place> }
dbo:Place;;;what is the end point of <A>;select ?a where { <A> <http://dbpedia.org/ontology/endPoint> ?a };select ?a where { ?a <http://dbpedia.org/ontology/endPoint> [] . ?a a <http://dbpedia.org/ontology/Place> }
dbo:Place;;;what is the engineer of <A>;select ?a where { <A> <http://dbpedia.org/ontology/engineer> ?a };select ?a where { ?a <http://dbpedia.org/ontology/engineer> [] . ?a a <http://dbpedia.org/ontology/Place> }
dbo:Place;;;what is the era of <A>;select ?a where { <A> <http://dbpedia.org/ontology/era> ?a };select ?a where { ?a <http://dbpedia.org/ontology/era> [] . ?a a <http://dbpedia.org/ontology/Place> }
dbo:Place;;;what is the ethnic groups in year of <A>;select ?a where { <A> <http://dbpedia.org/ontology/ethnicGroupsInYear> ?a };select ?a where { ?a <http://dbpedia.org/ontology/ethnicGroupsInYear> [] . ?a a <http://dbpedia.org/ontology/Place> }
dbo:Place;;;what is the event of <A>;select ?a where { <A> <http://dbpedia.org/ontology/event> ?a };select ?a where { ?a <http://dbpedia.org/ontology/event> [] . ?a a <http://dbpedia.org/ontology/Place> }
dbo:Place;;;what is the executive producer of <A>;select ?a where { <A> <http://dbpedia.org/ontology/executiveProducer> ?a };select ?a where { ?a <http://dbpedia.org/ontology/executiveProducer> [] . ?a a <http://dbpedia.org/ontology/Place> }
dbo:Place;;;what is the extinction date of <A>;select ?a where { <A> <http://dbpedia.org/ontology/extinctionDate> ?a };select ?a where { ?a <http://dbpedia.org/ontology/extinctionDate> [] . ?a a <http://dbpedia.org/ontology/Place> }
dbo:Place;;;what is the failed launches of <A>;select ?a where { <A> <http://dbpedia.org/ontology/failedLaunches> ?a };select ?a where { ?a <http://dbpedia.org/ontology/failedLaunches> [] . ?a a <http://dbpedia.org/ontology/Place> }
dbo:Place;;;what is the fda unii code of <A>;select ?a where { <A> <http://dbpedia.org/ontology/fdaUniiCode> ?a };select ?a where { ?a <http://dbpedia.org/ontology/fdaUniiCode> [] . ?a a <http://dbpedia.org/ontology/Place> }
dbo:Place;;;what is the feast day of <A>;select ?a where { <A> <http://dbpedia.org/ontology/feastDay> ?a };select ?a where { ?a <http://dbpedia.org/ontology/feastDay> [] . ?a a <http://dbpedia.org/ontology/Place> }
dbo:Place;;;what is the firstleader of <A>;select ?a where { <A> <http://dbpedia.org/ontology/firstLeader> ?a };select ?a where { ?a <http://dbpedia.org/ontology/firstLeader> [] . ?a a <http://dbpedia.org/ontology/Place> }
dbo:Place;;;what is the firstpopularvote of <A>;select ?a where { <A> <http://dbpedia.org/ontology/firstPopularVote> ?a };select ?a where { ?a <http://dbpedia.org/ontology/firstPopularVote> [] . ?a a <http://dbpedia.org/ontology/Place> }
dbo:Place;;;what is the flag of <A>;select ?a where { <A> <http://dbpedia.org/ontology/flag> ?a };select ?a where { ?a <http://dbpedia.org/ontology/flag> [] . ?a a <http://dbpedia.org/ontology/Place> }
dbo:Place;;;what is the flooding date of <A>;select ?a where { <A> <http://dbpedia.org/ontology/floodingDate> ?a };select ?a where { ?a <http://dbpedia.org/ontology/floodingDate> [] . ?a a <http://dbpedia.org/ontology/Place> }
dbo:Place;;;what is the depiction from http://xmlns.com/foaf/spec/#term_depiction of <A>;select ?a where { <A> <http://xmlns.com/foaf/0.1/depiction> ?a };select ?a where { ?a <http://xmlns.com/foaf/0.1/depiction> [] . ?a a <http://dbpedia.org/ontology/Place> }
dbo:Place;;;what is the family name of <A>;select ?a where { <A> <http://xmlns.com/foaf/0.1/familyName> ?a };select ?a where { ?a <http://xmlns.com/foaf/0.1/familyName> [] . ?a a <http://dbpedia.org/ontology/Place> }
dbo:Place;;;what is the gender of <A>;select ?a where { <A> <http://xmlns.com/foaf/0.1/gender> ?a };select ?a where { ?a <http://xmlns.com/foaf/0.1/gender> [] . ?a a <http://dbpedia.org/ontology/Place> }
dbo:Place;;;what is the given name of <A>;select ?a where { <A> <http://xmlns.com/foaf/0.1/givenName> ?a };select ?a where { ?a <http://xmlns.com/foaf/0.1/givenName> [] . ?a a <http://dbpedia.org/ontology/Place> }
dbo:Place;;;what is the a document that this thing is the primary topic of. of <A>;select ?a where { <A> <http://xmlns.com/foaf/0.1/isPrimaryTopicOf> ?a };select ?a where { ?a <http://xmlns.com/foaf/0.1/isPrimaryTopicOf> [] . ?a a <http://dbpedia.org/ontology/Place> }
dbo:Place;;;what is the logo of <A>;select ?a where { <A> <http://xmlns.com/foaf/0.1/logo> ?a };select ?a where { ?a <http://xmlns.com/foaf/0.1/logo> [] . ?a a <http://dbpedia.org/ontology/Place> }
dbo:Place;;;what is the name of <A>;select ?a where { <A> <http://xmlns.com/foaf/0.1/name> ?a };select ?a where { ?a <http://xmlns.com/foaf/0.1/name> [] . ?a a <http://dbpedia.org/ontology/Place> }
dbo:Place;;;what is the nickname of <A>;select ?a where { <A> <http://xmlns.com/foaf/0.1/nick> ?a };select ?a where { ?a <http://xmlns.com/foaf/0.1/nick> [] . ?a a <http://dbpedia.org/ontology/Place> }
dbo:Place;;;what is the a page or document about this thing. of <A>;select ?a where { <A> <http://xmlns.com/foaf/0.1/page> ?a };select ?a where { ?a <http://xmlns.com/foaf/0.1/page> [] . ?a a <http://dbpedia.org/ontology/Place> }
dbo:Place;;;what is the surname of <A>;select ?a where { <A> <http://xmlns.com/foaf/0.1/surname> ?a };select ?a where { ?a <http://xmlns.com/foaf/0.1/surname> [] . ?a a <http://dbpedia.org/ontology/Place> }
dbo:Place;;;what is the thumbnail of <A>;select ?a where { <A> <http://xmlns.com/foaf/0.1/thumbnail> ?a };select ?a where { ?a <http://xmlns.com/foaf/0.1/thumbnail> [] . ?a a <http://dbpedia.org/ontology/Place> }
dbo:Place;;;what is the format of <A>;select ?a where { <A> <http://dbpedia.org/ontology/format> ?a };select ?a where { ?a <http://dbpedia.org/ontology/format> [] . ?a a <http://dbpedia.org/ontology/Place> }
dbo:Place;;;what is the former name of <A>;select ?a where { <A> <http://dbpedia.org/ontology/formerName> ?a };select ?a where { ?a <http://dbpedia.org/ontology/formerName> [] . ?a a <http://dbpedia.org/ontology/Place> }
dbo:Place;;;what is the founded by of <A>;select ?a where { <A> <http://dbpedia.org/ontology/foundedBy> ?a };select ?a where { ?a <http://dbpedia.org/ontology/foundedBy> [] . ?a a <http://dbpedia.org/ontology/Place> }
dbo:Place;;;what is the founder of <A>;select ?a where { <A> <http://dbpedia.org/ontology/founder> ?a };select ?a where { ?a <http://dbpedia.org/ontology/founder> [] . ?a a <http://dbpedia.org/ontology/Place> }
dbo:Place;;;what is the founding date of <A>;select ?a where { <A> <http://dbpedia.org/ontology/foundingDate> ?a };select ?a where { ?a <http://dbpedia.org/ontology/foundingDate> [] . ?a a <http://dbpedia.org/ontology/Place> }
dbo:Place;;;what is the founding year of <A>;select ?a where { <A> <http://dbpedia.org/ontology/foundingYear> ?a };select ?a where { ?a <http://dbpedia.org/ontology/foundingYear> [] . ?a a <http://dbpedia.org/ontology/Place> }
dbo:Place;;;what is the frequency of <A>;select ?a where { <A> <http://dbpedia.org/ontology/frequency> ?a };select ?a where { ?a <http://dbpedia.org/ontology/frequency> [] . ?a a <http://dbpedia.org/ontology/Place> }
dbo:Place;;;what is the fuel type of <A>;select ?a where { <A> <http://dbpedia.org/ontology/fuelType> ?a };select ?a where { ?a <http://dbpedia.org/ontology/fuelType> [] . ?a a <http://dbpedia.org/ontology/Place> }
dbo:Place;;;what is the gender of <A>;select ?a where { <A> <http://dbpedia.org/ontology/gender> ?a };select ?a where { ?a <http://dbpedia.org/ontology/gender> [] . ?a a <http://dbpedia.org/ontology/Place> }
dbo:Place;;;what is the genre of <A>;select ?a where { <A> <http://dbpedia.org/ontology/genre> ?a };select ?a where { ?a <http://dbpedia.org/ontology/genre> [] . ?a a <http://dbpedia.org/ontology/Place> }
dbo:Place;;;what is the geologic period of <A>;select ?a where { <A> <http://dbpedia.org/ontology/geologicPeriod> ?a };select ?a where { ?a <http://dbpedia.org/ontology/geologicPeriod> [] . ?a a <http://dbpedia.org/ontology/Place> }
dbo:Place;;;what is the geology of <A>;select ?a where { <A> <http://dbpedia.org/ontology/geology> ?a };select ?a where { ?a <http://dbpedia.org/ontology/geology> [] . ?a a <http://dbpedia.org/ontology/Place> }
dbo:Place;;;what is the governing body of <A>;select ?a where { <A> <http://dbpedia.org/ontology/governingBody> ?a };select ?a where { ?a <http://dbpedia.org/ontology/governingBody> [] . ?a a <http://dbpedia.org/ontology/Place> }
dbo:Place;;;what is the government type of <A>;select ?a where { <A> <http://dbpedia.org/ontology/governmentType> ?a };select ?a where { ?a <http://dbpedia.org/ontology/governmentType> [] . ?a a <http://dbpedia.org/ontology/Place> }
dbo:Place;;;what is the governor of <A>;select ?a where { <A> <http://dbpedia.org/ontology/governor> ?a };select ?a where { ?a <http://dbpedia.org/ontology/governor> [] . ?a a <http://dbpedia.org/ontology/Place> }
dbo:Place;;;what is the governor general of <A>;select ?a where { <A> <http://dbpedia.org/ontology/governorGeneral> ?a };select ?a where { ?a <http://dbpedia.org/ontology/governorGeneral> [] . ?a a <http://dbpedia.org/ontology/Place> }
dbo:Place;;;what is the grid reference of <A>;select ?a where { <A> <http://dbpedia.org/ontology/gridReference> ?a };select ?a where { ?a <http://dbpedia.org/ontology/gridReference> [] . ?a a <http://dbpedia.org/ontology/Place> }
dbo:Place;;;what is the variant or variation of <A>;select ?a where { <A> <http://dbpedia.org/ontology/hasVariant> ?a };select ?a where { ?a <http://dbpedia.org/ontology/hasVariant> [] . ?a a <http://dbpedia.org/ontology/Place> }
dbo:Place;;;what is the height of <A>;select ?a where { <A> <http://dbpedia.org/ontology/height> ?a };select ?a where { ?a <http://dbpedia.org/ontology/height> [] . ?a a <http://dbpedia.org/ontology/Place> }
dbo:Place;;;what is the highest mountain of <A>;select ?a where { <A> <http://dbpedia.org/ontology/highestMountain> ?a };select ?a where { ?a <http://dbpedia.org/ontology/highestMountain> [] . ?a a <http://dbpedia.org/ontology/Place> }
dbo:Place;;;what is the highest place of <A>;select ?a where { <A> <http://dbpedia.org/ontology/highestPlace> ?a };select ?a where { ?a <http://dbpedia.org/ontology/highestPlace> [] . ?a a <http://dbpedia.org/ontology/Place> }
dbo:Place;;;what is the highest position of <A>;select ?a where { <A> <http://dbpedia.org/ontology/highestPosition> ?a };select ?a where { ?a <http://dbpedia.org/ontology/highestPosition> [] . ?a a <http://dbpedia.org/ontology/Place> }
dbo:Place;;;what is the highschool of <A>;select ?a where { <A> <http://dbpedia.org/ontology/highschool> ?a };select ?a where { ?a <http://dbpedia.org/ontology/highschool> [] . ?a a <http://dbpedia.org/ontology/Place> }
dbo:Place;;;what is the home arena of <A>;select ?a where { <A> <http://dbpedia.org/ontology/homeArena> ?a };select ?a where { ?a <http://dbpedia.org/ontology/homeArena> [] . ?a a <http://dbpedia.org/ontology/Place> }
dbo:Place;;;what is the home stadium of <A>;select ?a where { <A> <http://dbpedia.org/ontology/homeStadium> ?a };select ?a where { ?a <http://dbpedia.org/ontology/homeStadium> [] . ?a a <http://dbpedia.org/ontology/Place> }
dbo:Place;;;what is the honours of <A>;select ?a where { <A> <http://dbpedia.org/ontology/honours> ?a };select ?a where { ?a <http://dbpedia.org/ontology/honours> [] . ?a a <http://dbpedia.org/ontology/Place> }
dbo:Place;;;what is the image size of <A>;select ?a where { <A> <http://dbpedia.org/ontology/imageSize> ?a };select ?a where { ?a <http://dbpedia.org/ontology/imageSize> [] . ?a a <http://dbpedia.org/ontology/Place> }
dbo:Place;;;what is the imdb id of <A>;select ?a where { <A> <http://dbpedia.org/ontology/imdbId> ?a };select ?a where { ?a <http://dbpedia.org/ontology/imdbId> [] . ?a a <http://dbpedia.org/ontology/Place> }
dbo:Place;;;what is the incumbent of <A>;select ?a where { <A> <http://dbpedia.org/ontology/incumbent> ?a };select ?a where { ?a <http://dbpedia.org/ontology/incumbent> [] . ?a a <http://dbpedia.org/ontology/Place> }
dbo:Place;;;what is the individualised gnd number of <A>;select ?a where { <A> <http://dbpedia.org/ontology/individualisedGnd> ?a };select ?a where { ?a <http://dbpedia.org/ontology/individualisedGnd> [] . ?a a <http://dbpedia.org/ontology/Place> }
dbo:Place;;;what is the influenced of <A>;select ?a where { <A> <http://dbpedia.org/ontology/influenced> ?a };select ?a where { ?a <http://dbpedia.org/ontology/influenced> [] . ?a a <http://dbpedia.org/ontology/Place> }
dbo:Place;;;what is the influenced by of <A>;select ?a where { <A> <http://dbpedia.org/ontology/influencedBy> ?a };select ?a where { ?a <http://dbpedia.org/ontology/influencedBy> [] . ?a a <http://dbpedia.org/ontology/Place> }
dbo:Place;;;what is the institution of <A>;select ?a where { <A> <http://dbpedia.org/ontology/institution> ?a };select ?a where { ?a <http://dbpedia.org/ontology/institution> [] . ?a a <http://dbpedia.org/ontology/Place> }
dbo:Place;;;what is the intercommunality of <A>;select ?a where { <A> <http://dbpedia.org/ontology/intercommunality> ?a };select ?a where { ?a <http://dbpedia.org/ontology/intercommunality> [] . ?a a <http://dbpedia.org/ontology/Place> }
dbo:Place;;;what is the introduced of <A>;select ?a where { <A> <http://dbpedia.org/ontology/introduced> ?a };select ?a where { ?a <http://dbpedia.org/ontology/introduced> [] . ?a a <http://dbpedia.org/ontology/Place> }
dbo:Place;;;what is the is part of of <A>;select ?a where { <A> <http://dbpedia.org/ontology/isPartOf> ?a };select ?a where { ?a <http://dbpedia.org/ontology/isPartOf> [] . ?a a <http://dbpedia.org/ontology/Place> }
dbo:Place;;;what is the is part of of <A>;select ?a where { <A> <http://dbpedia.org/ontology/isPartOfName> ?a };select ?a where { ?a <http://dbpedia.org/ontology/isPartOfName> [] . ?a a <http://dbpedia.org/ontology/Place> }
dbo:Place;;;what is the isni id of <A>;select ?a where { <A> <http://dbpedia.org/ontology/isniId> ?a };select ?a where { ?a <http://dbpedia.org/ontology/isniId> [] . ?a a <http://dbpedia.org/ontology/Place> }
dbo:Place;;;what is the jurisdiction of <A>;select ?a where { <A> <http://dbpedia.org/ontology/jurisdiction> ?a };select ?a where { ?a <http://dbpedia.org/ontology/jurisdiction> [] . ?a a <http://dbpedia.org/ontology/Place> }
dbo:Place;;;what is the key person of <A>;select ?a where { <A> <http://dbpedia.org/ontology/keyPerson> ?a };select ?a where { ?a <http://dbpedia.org/ontology/keyPerson> [] . ?a a <http://dbpedia.org/ontology/Place> }
dbo:Place;;;what is the known for of <A>;select ?a where { <A> <http://dbpedia.org/ontology/knownFor> ?a };select ?a where { ?a <http://dbpedia.org/ontology/knownFor> [] . ?a a <http://dbpedia.org/ontology/Place> }
dbo:Place;;;what is the vastest lake of <A>;select ?a where { <A> <http://dbpedia.org/ontology/lake> ?a };select ?a where { ?a <http://dbpedia.org/ontology/lake> [] . ?a a <http://dbpedia.org/ontology/Place> }
dbo:Place;;;what is the language of <A>;select ?a where { <A> <http://dbpedia.org/ontology/language> ?a };select ?a where { ?a <http://dbpedia.org/ontology/language> [] . ?a a <http://dbpedia.org/ontology/Place> }
dbo:Place;;;what is the language regulator or academy of <A>;select ?a where { <A> <http://dbpedia.org/ontology/languageRegulator> ?a };select ?a where { ?a <http://dbpedia.org/ontology/languageRegulator> [] . ?a a <http://dbpedia.org/ontology/Place> }
dbo:Place;;;what is the lccn id of <A>;select ?a where { <A> <http://dbpedia.org/ontology/lccnId> ?a };select ?a where { ?a <http://dbpedia.org/ontology/lccnId> [] . ?a a <http://dbpedia.org/ontology/Place> }
dbo:Place;;;what is the leader of <A>;select ?a where { <A> <http://dbpedia.org/ontology/leader> ?a };select ?a where { ?a <http://dbpedia.org/ontology/leader> [] . ?a a <http://dbpedia.org/ontology/Place> }
dbo:Place;;;what is the league of <A>;select ?a where { <A> <http://dbpedia.org/ontology/league> ?a };select ?a where { ?a <http://dbpedia.org/ontology/league> [] . ?a a <http://dbpedia.org/ontology/Place> }
dbo:Place;;;what is the length of <A>;select ?a where { <A> <http://dbpedia.org/ontology/length> ?a };select ?a where { ?a <http://dbpedia.org/ontology/length> [] . ?a a <http://dbpedia.org/ontology/Place> }
dbo:Place;;;what is the length quote of <A>;select ?a where { <A> <http://dbpedia.org/ontology/lengthQuote> ?a };select ?a where { ?a <http://dbpedia.org/ontology/lengthQuote> [] . ?a a <http://dbpedia.org/ontology/Place> }
dbo:Place;;;what is the licensee of <A>;select ?a where { <A> <http://dbpedia.org/ontology/licensee> ?a };select ?a where { ?a <http://dbpedia.org/ontology/licensee> [] . ?a a <http://dbpedia.org/ontology/Place> }
dbo:Place;;;what is the lieutenant of <A>;select ?a where { <A> <http://dbpedia.org/ontology/lieutenant> ?a };select ?a where { ?a <http://dbpedia.org/ontology/lieutenant> [] . ?a a <http://dbpedia.org/ontology/Place> }
dbo:Place;;;what is the local authority of <A>;select ?a where { <A> <http://dbpedia.org/ontology/localAuthority> ?a };select ?a where { ?a <http://dbpedia.org/ontology/localAuthority> [] . ?a a <http://dbpedia.org/ontology/Place> }
dbo:Place;;;what is the located in area of <A>;select ?a where { <A> <http://dbpedia.org/ontology/locatedInArea> ?a };select ?a where { ?a <http://dbpedia.org/ontology/locatedInArea> [] . ?a a <http://dbpedia.org/ontology/Place> }
dbo:Place;;;what is the location of <A>;select ?a where { <A> <http://dbpedia.org/ontology/location> ?a };select ?a where { ?a <http://dbpedia.org/ontology/location> [] . ?a a <http://dbpedia.org/ontology/Place> }
dbo:Place;;;what is the pa≈Ñstwo of <A>;select ?a where { <A> <http://dbpedia.org/ontology/locationCountry> ?a };select ?a where { ?a <http://dbpedia.org/ontology/locationCountry> [] . ?a a <http://dbpedia.org/ontology/Place> }
dbo:Place;;;what is the logo of <A>;select ?a where { <A> <http://dbpedia.org/ontology/logo> ?a };select ?a where { ?a <http://dbpedia.org/ontology/logo> [] . ?a a <http://dbpedia.org/ontology/Place> }
dbo:Place;;;what is the longname of <A>;select ?a where { <A> <http://dbpedia.org/ontology/longName> ?a };select ?a where { ?a <http://dbpedia.org/ontology/longName> [] . ?a a <http://dbpedia.org/ontology/Place> }
dbo:Place;;;what is the lowest of <A>;select ?a where { <A> <http://dbpedia.org/ontology/lowest> ?a };select ?a where { ?a <http://dbpedia.org/ontology/lowest> [] . ?a a <http://dbpedia.org/ontology/Place> }
dbo:Place;;;what is the lowest mountain of <A>;select ?a where { <A> <http://dbpedia.org/ontology/lowestMountain> ?a };select ?a where { ?a <http://dbpedia.org/ontology/lowestMountain> [] . ?a a <http://dbpedia.org/ontology/Place> }
dbo:Place;;;what is the lowest place of <A>;select ?a where { <A> <http://dbpedia.org/ontology/lowestPlace> ?a };select ?a where { ?a <http://dbpedia.org/ontology/lowestPlace> [] . ?a a <http://dbpedia.org/ontology/Place> }
dbo:Place;;;what is the lowest position of <A>;select ?a where { <A> <http://dbpedia.org/ontology/lowestPosition> ?a };select ?a where { ?a <http://dbpedia.org/ontology/lowestPosition> [] . ?a a <http://dbpedia.org/ontology/Place> }
dbo:Place;;;what is the main interest of <A>;select ?a where { <A> <http://dbpedia.org/ontology/mainInterest> ?a };select ?a where { ?a <http://dbpedia.org/ontology/mainInterest> [] . ?a a <http://dbpedia.org/ontology/Place> }
dbo:Place;;;what is the management of <A>;select ?a where { <A> <http://dbpedia.org/ontology/management> ?a };select ?a where { ?a <http://dbpedia.org/ontology/management> [] . ?a a <http://dbpedia.org/ontology/Place> }
dbo:Place;;;what is the management elevation of <A>;select ?a where { <A> <http://dbpedia.org/ontology/managementElevation> ?a };select ?a where { ?a <http://dbpedia.org/ontology/managementElevation> [] . ?a a <http://dbpedia.org/ontology/Place> }
dbo:Place;;;what is the management mountain of <A>;select ?a where { <A> <http://dbpedia.org/ontology/managementMountain> ?a };select ?a where { ?a <http://dbpedia.org/ontology/managementMountain> [] . ?a a <http://dbpedia.org/ontology/Place> }
dbo:Place;;;what is the management place of <A>;select ?a where { <A> <http://dbpedia.org/ontology/managementPlace> ?a };select ?a where { ?a <http://dbpedia.org/ontology/managementPlace> [] . ?a a <http://dbpedia.org/ontology/Place> }
dbo:Place;;;what is the management position of <A>;select ?a where { <A> <http://dbpedia.org/ontology/managementPosition> ?a };select ?a where { ?a <http://dbpedia.org/ontology/managementPosition> [] . ?a a <http://dbpedia.org/ontology/Place> }
dbo:Place;;;what is the manufacturer of <A>;select ?a where { <A> <http://dbpedia.org/ontology/manufacturer> ?a };select ?a where { ?a <http://dbpedia.org/ontology/manufacturer> [] . ?a a <http://dbpedia.org/ontology/Place> }
dbo:Place;;;what is the map of <A>;select ?a where { <A> <http://dbpedia.org/ontology/map> ?a };select ?a where { ?a <http://dbpedia.org/ontology/map> [] . ?a a <http://dbpedia.org/ontology/Place> }
dbo:Place;;;what is the map caption of <A>;select ?a where { <A> <http://dbpedia.org/ontology/mapCaption> ?a };select ?a where { ?a <http://dbpedia.org/ontology/mapCaption> [] . ?a a <http://dbpedia.org/ontology/Place> }
dbo:Place;;;what is the mascot of <A>;select ?a where { <A> <http://dbpedia.org/ontology/mascot> ?a };select ?a where { ?a <http://dbpedia.org/ontology/mascot> [] . ?a a <http://dbpedia.org/ontology/Place> }
dbo:Place;;;what is the mass of <A>;select ?a where { <A> <http://dbpedia.org/ontology/mass> ?a };select ?a where { ?a <http://dbpedia.org/ontology/mass> [] . ?a a <http://dbpedia.org/ontology/Place> }
dbo:Place;;;what is the material of <A>;select ?a where { <A> <http://dbpedia.org/ontology/material> ?a };select ?a where { ?a <http://dbpedia.org/ontology/material> [] . ?a a <http://dbpedia.org/ontology/Place> }
dbo:Place;;;what is the maximum depth of <A>;select ?a where { <A> <http://dbpedia.org/ontology/maximumDepth> ?a };select ?a where { ?a <http://dbpedia.org/ontology/maximumDepth> [] . ?a a <http://dbpedia.org/ontology/Place> }
dbo:Place;;;what is the maximum depth quote of <A>;select ?a where { <A> <http://dbpedia.org/ontology/maximumDepthQuote> ?a };select ?a where { ?a <http://dbpedia.org/ontology/maximumDepthQuote> [] . ?a a <http://dbpedia.org/ontology/Place> }
dbo:Place;;;what is the maximum discharge of <A>;select ?a where { <A> <http://dbpedia.org/ontology/maximumDischarge> ?a };select ?a where { ?a <http://dbpedia.org/ontology/maximumDischarge> [] . ?a a <http://dbpedia.org/ontology/Place> }
dbo:Place;;;what is the maximum elevation of <A>;select ?a where { <A> <http://dbpedia.org/ontology/maximumElevation> ?a };select ?a where { ?a <http://dbpedia.org/ontology/maximumElevation> [] . ?a a <http://dbpedia.org/ontology/Place> }
dbo:Place;;;what is the mayor of <A>;select ?a where { <A> <http://dbpedia.org/ontology/mayor> ?a };select ?a where { ?a <http://dbpedia.org/ontology/mayor> [] . ?a a <http://dbpedia.org/ontology/Place> }
dbo:Place;;;what is the mba id of <A>;select ?a where { <A> <http://dbpedia.org/ontology/mbaId> ?a };select ?a where { ?a <http://dbpedia.org/ontology/mbaId> [] . ?a a <http://dbpedia.org/ontology/Place> }
dbo:Place;;;what is the meaning of <A>;select ?a where { <A> <http://dbpedia.org/ontology/meaning> ?a };select ?a where { ?a <http://dbpedia.org/ontology/meaning> [] . ?a a <http://dbpedia.org/ontology/Place> }
dbo:Place;;;what is the military unit size of <A>;select ?a where { <A> <http://dbpedia.org/ontology/militaryUnitSize> ?a };select ?a where { ?a <http://dbpedia.org/ontology/militaryUnitSize> [] . ?a a <http://dbpedia.org/ontology/Place> }
dbo:Place;;;what is the minimum discharge of <A>;select ?a where { <A> <http://dbpedia.org/ontology/minimumDischarge> ?a };select ?a where { ?a <http://dbpedia.org/ontology/minimumDischarge> [] . ?a a <http://dbpedia.org/ontology/Place> }
dbo:Place;;;what is the minimum elevation of <A>;select ?a where { <A> <http://dbpedia.org/ontology/minimumElevation> ?a };select ?a where { ?a <http://dbpedia.org/ontology/minimumElevation> [] . ?a a <http://dbpedia.org/ontology/Place> }
dbo:Place;;;what is the mission of <A>;select ?a where { <A> <http://dbpedia.org/ontology/mission> ?a };select ?a where { ?a <http://dbpedia.org/ontology/mission> [] . ?a a <http://dbpedia.org/ontology/Place> }
dbo:Place;;;what is the monarch of <A>;select ?a where { <A> <http://dbpedia.org/ontology/monarch> ?a };select ?a where { ?a <http://dbpedia.org/ontology/monarch> [] . ?a a <http://dbpedia.org/ontology/Place> }
dbo:Place;;;what is the month of <A>;select ?a where { <A> <http://dbpedia.org/ontology/month> ?a };select ?a where { ?a <http://dbpedia.org/ontology/month> [] . ?a a <http://dbpedia.org/ontology/Place> }
dbo:Place;;;what is the motto of <A>;select ?a where { <A> <http://dbpedia.org/ontology/motto> ?a };select ?a where { ?a <http://dbpedia.org/ontology/motto> [] . ?a a <http://dbpedia.org/ontology/Place> }
dbo:Place;;;what is the mouth elevation of <A>;select ?a where { <A> <http://dbpedia.org/ontology/mouthElevation> ?a };select ?a where { ?a <http://dbpedia.org/ontology/mouthElevation> [] . ?a a <http://dbpedia.org/ontology/Place> }
dbo:Place;;;what is the municipality of <A>;select ?a where { <A> <http://dbpedia.org/ontology/municipality> ?a };select ?a where { ?a <http://dbpedia.org/ontology/municipality> [] . ?a a <http://dbpedia.org/ontology/Place> }
dbo:Place;;;what is the municipality code of <A>;select ?a where { <A> <http://dbpedia.org/ontology/municipalityCode> ?a };select ?a where { ?a <http://dbpedia.org/ontology/municipalityCode> [] . ?a a <http://dbpedia.org/ontology/Place> }
dbo:Place;;;what is the name of <A>;select ?a where { <A> <http://dbpedia.org/ontology/name> ?a };select ?a where { ?a <http://dbpedia.org/ontology/name> [] . ?a a <http://dbpedia.org/ontology/Place> }
dbo:Place;;;what is the named after of <A>;select ?a where { <A> <http://dbpedia.org/ontology/namedAfter> ?a };select ?a where { ?a <http://dbpedia.org/ontology/namedAfter> [] . ?a a <http://dbpedia.org/ontology/Place> }
dbo:Place;;;what is the national topographic system map number of <A>;select ?a where { <A> <http://dbpedia.org/ontology/nationalTopographicSystemMapNumber> ?a };select ?a where { ?a <http://dbpedia.org/ontology/nationalTopographicSystemMapNumber> [] . ?a a <http://dbpedia.org/ontology/Place> }
dbo:Place;;;what is the ndl id of <A>;select ?a where { <A> <http://dbpedia.org/ontology/ndlId> ?a };select ?a where { ?a <http://dbpedia.org/ontology/ndlId> [] . ?a a <http://dbpedia.org/ontology/Place> }
dbo:Place;;;what is the nearest city of <A>;select ?a where { <A> <http://dbpedia.org/ontology/nearestCity> ?a };select ?a where { ?a <http://dbpedia.org/ontology/nearestCity> [] . ?a a <http://dbpedia.org/ontology/Place> }
dbo:Place;;;what is the nla id of <A>;select ?a where { <A> <http://dbpedia.org/ontology/nlaId> ?a };select ?a where { ?a <http://dbpedia.org/ontology/nlaId> [] . ?a a <http://dbpedia.org/ontology/Place> }
dbo:Place;;;what is the nominee of <A>;select ?a where { <A> <http://dbpedia.org/ontology/nominee> ?a };select ?a where { ?a <http://dbpedia.org/ontology/nominee> [] . ?a a <http://dbpedia.org/ontology/Place> }
dbo:Place;;;what is the notable work of <A>;select ?a where { <A> <http://dbpedia.org/ontology/notableWork> ?a };select ?a where { ?a <http://dbpedia.org/ontology/notableWork> [] . ?a a <http://dbpedia.org/ontology/Place> }
dbo:Place;;;what is the notes of <A>;select ?a where { <A> <http://dbpedia.org/ontology/notes> ?a };select ?a where { ?a <http://dbpedia.org/ontology/notes> [] . ?a a <http://dbpedia.org/ontology/Place> }
dbo:Place;;;what is the number of sports of <A>;select ?a where { <A> <http://dbpedia.org/ontology/numberOfSports> ?a };select ?a where { ?a <http://dbpedia.org/ontology/numberOfSports> [] . ?a a <http://dbpedia.org/ontology/Place> }
dbo:Place;;;what is the number of visitors of <A>;select ?a where { <A> <http://dbpedia.org/ontology/numberOfVisitors> ?a };select ?a where { ?a <http://dbpedia.org/ontology/numberOfVisitors> [] . ?a a <http://dbpedia.org/ontology/Place> }
dbo:Place;;;what is the nuts code of <A>;select ?a where { <A> <http://dbpedia.org/ontology/nutsCode> ?a };select ?a where { ?a <http://dbpedia.org/ontology/nutsCode> [] . ?a a <http://dbpedia.org/ontology/Place> }
dbo:Place;;;what is the occupation of <A>;select ?a where { <A> <http://dbpedia.org/ontology/occupation> ?a };select ?a where { ?a <http://dbpedia.org/ontology/occupation> [] . ?a a <http://dbpedia.org/ontology/Place> }
dbo:Place;;;what is the office of <A>;select ?a where { <A> <http://dbpedia.org/ontology/office> ?a };select ?a where { ?a <http://dbpedia.org/ontology/office> [] . ?a a <http://dbpedia.org/ontology/Place> }
dbo:Place;;;what is the opening date of <A>;select ?a where { <A> <http://dbpedia.org/ontology/openingDate> ?a };select ?a where { ?a <http://dbpedia.org/ontology/openingDate> [] . ?a a <http://dbpedia.org/ontology/Place> }
dbo:Place;;;what is the opening year of <A>;select ?a where { <A> <http://dbpedia.org/ontology/openingYear> ?a };select ?a where { ?a <http://dbpedia.org/ontology/openingYear> [] . ?a a <http://dbpedia.org/ontology/Place> }
dbo:Place;;;what is the operator of <A>;select ?a where { <A> <http://dbpedia.org/ontology/operator> ?a };select ?a where { ?a <http://dbpedia.org/ontology/operator> [] . ?a a <http://dbpedia.org/ontology/Place> }
dbo:Place;;;what is the orbits of <A>;select ?a where { <A> <http://dbpedia.org/ontology/orbits> ?a };select ?a where { ?a <http://dbpedia.org/ontology/orbits> [] . ?a a <http://dbpedia.org/ontology/Place> }
dbo:Place;;;what is the orcid id of <A>;select ?a where { <A> <http://dbpedia.org/ontology/orcidId> ?a };select ?a where { ?a <http://dbpedia.org/ontology/orcidId> [] . ?a a <http://dbpedia.org/ontology/Place> }
dbo:Place;;;what is the order in office of <A>;select ?a where { <A> <http://dbpedia.org/ontology/orderInOffice> ?a };select ?a where { ?a <http://dbpedia.org/ontology/orderInOffice> [] . ?a a <http://dbpedia.org/ontology/Place> }
dbo:Place;;;what is the organisation of <A>;select ?a where { <A> <http://dbpedia.org/ontology/organisation> ?a };select ?a where { ?a <http://dbpedia.org/ontology/organisation> [] . ?a a <http://dbpedia.org/ontology/Place> }
dbo:Place;;;what is the origin of <A>;select ?a where { <A> <http://dbpedia.org/ontology/origin> ?a };select ?a where { ?a <http://dbpedia.org/ontology/origin> [] . ?a a <http://dbpedia.org/ontology/Place> }
dbo:Place;;;what is the originally used for of <A>;select ?a where { <A> <http://dbpedia.org/ontology/originallyUsedFor> ?a };select ?a where { ?a <http://dbpedia.org/ontology/originallyUsedFor> [] . ?a a <http://dbpedia.org/ontology/Place> }
dbo:Place;;;what is the orogeny of <A>;select ?a where { <A> <http://dbpedia.org/ontology/orogeny> ?a };select ?a where { ?a <http://dbpedia.org/ontology/orogeny> [] . ?a a <http://dbpedia.org/ontology/Place> }
dbo:Place;;;what is the an owl:differentfrom statement indicates that two uri references refer to different individuals of <A>;select ?a where { <A> <http://www.w3.org/2002/07/owl#differentFrom> ?a };select ?a where { ?a <http://www.w3.org/2002/07/owl#differentFrom> [] . ?a a <http://dbpedia.org/ontology/Place> }
dbo:Place;;;what is the same as of <A>;select ?a where { <A> <http://www.w3.org/2002/07/owl#sameAs> ?a };select ?a where { ?a <http://www.w3.org/2002/07/owl#sameAs> [] . ?a a <http://dbpedia.org/ontology/Place> }
dbo:Place;;;what is the owner of <A>;select ?a where { <A> <http://dbpedia.org/ontology/owner> ?a };select ?a where { ?a <http://dbpedia.org/ontology/owner> [] . ?a a <http://dbpedia.org/ontology/Place> }
dbo:Place;;;what is the owning company of <A>;select ?a where { <A> <http://dbpedia.org/ontology/owningCompany> ?a };select ?a where { ?a <http://dbpedia.org/ontology/owningCompany> [] . ?a a <http://dbpedia.org/ontology/Place> }
dbo:Place;;;what is the owning organisation of <A>;select ?a where { <A> <http://dbpedia.org/ontology/owningOrganisation> ?a };select ?a where { ?a <http://dbpedia.org/ontology/owningOrganisation> [] . ?a a <http://dbpedia.org/ontology/Place> }
dbo:Place;;;what is the parent company of <A>;select ?a where { <A> <http://dbpedia.org/ontology/parentCompany> ?a };select ?a where { ?a <http://dbpedia.org/ontology/parentCompany> [] . ?a a <http://dbpedia.org/ontology/Place> }
dbo:Place;;;what is the part of <A>;select ?a where { <A> <http://dbpedia.org/ontology/part> ?a };select ?a where { ?a <http://dbpedia.org/ontology/part> [] . ?a a <http://dbpedia.org/ontology/Place> }
dbo:Place;;;what is the partial failed launches of <A>;select ?a where { <A> <http://dbpedia.org/ontology/partialFailedLaunches> ?a };select ?a where { ?a <http://dbpedia.org/ontology/partialFailedLaunches> [] . ?a a <http://dbpedia.org/ontology/Place> }
dbo:Place;;;what is the party of <A>;select ?a where { <A> <http://dbpedia.org/ontology/party> ?a };select ?a where { ?a <http://dbpedia.org/ontology/party> [] . ?a a <http://dbpedia.org/ontology/Place> }
dbo:Place;;;what is the past member of <A>;select ?a where { <A> <http://dbpedia.org/ontology/pastMember> ?a };select ?a where { ?a <http://dbpedia.org/ontology/pastMember> [] . ?a a <http://dbpedia.org/ontology/Place> }
dbo:Place;;;what is the percentage of area water of <A>;select ?a where { <A> <http://dbpedia.org/ontology/percentageOfAreaWater> ?a };select ?a where { ?a <http://dbpedia.org/ontology/percentageOfAreaWater> [] . ?a a <http://dbpedia.org/ontology/Place> }
dbo:Place;;;what is the picture of <A>;select ?a where { <A> <http://dbpedia.org/ontology/picture> ?a };select ?a where { ?a <http://dbpedia.org/ontology/picture> [] . ?a a <http://dbpedia.org/ontology/Place> }
dbo:Place;;;what is the plant of <A>;select ?a where { <A> <http://dbpedia.org/ontology/plant> ?a };select ?a where { ?a <http://dbpedia.org/ontology/plant> [] . ?a a <http://dbpedia.org/ontology/Place> }
dbo:Place;;;what is the population total of <A>;select ?a where { <A> <http://dbpedia.org/ontology/populationTotal> ?a };select ?a where { ?a <http://dbpedia.org/ontology/populationTotal> [] . ?a a <http://dbpedia.org/ontology/Place> }
dbo:Place;;;what is the portfolio of <A>;select ?a where { <A> <http://dbpedia.org/ontology/portfolio> ?a };select ?a where { ?a <http://dbpedia.org/ontology/portfolio> [] . ?a a <http://dbpedia.org/ontology/Place> }
dbo:Place;;;what is the position of <A>;select ?a where { <A> <http://dbpedia.org/ontology/position> ?a };select ?a where { ?a <http://dbpedia.org/ontology/position> [] . ?a a <http://dbpedia.org/ontology/Place> }
dbo:Place;;;what is the postal code of <A>;select ?a where { <A> <http://dbpedia.org/ontology/postalCode> ?a };select ?a where { ?a <http://dbpedia.org/ontology/postalCode> [] . ?a a <http://dbpedia.org/ontology/Place> }
dbo:Place;;;what is the predecessor of <A>;select ?a where { <A> <http://dbpedia.org/ontology/predecessor> ?a };select ?a where { ?a <http://dbpedia.org/ontology/predecessor> [] . ?a a <http://dbpedia.org/ontology/Place> }
dbo:Place;;;what is the president of <A>;select ?a where { <A> <http://dbpedia.org/ontology/president> ?a };select ?a where { ?a <http://dbpedia.org/ontology/president> [] . ?a a <http://dbpedia.org/ontology/Place> }
dbo:Place;;;what is the prime minister of <A>;select ?a where { <A> <http://dbpedia.org/ontology/primeMinister> ?a };select ?a where { ?a <http://dbpedia.org/ontology/primeMinister> [] . ?a a <http://dbpedia.org/ontology/Place> }
dbo:Place;;;what is the production end date of <A>;select ?a where { <A> <http://dbpedia.org/ontology/productionEndDate> ?a };select ?a where { ?a <http://dbpedia.org/ontology/productionEndDate> [] . ?a a <http://dbpedia.org/ontology/Place> }
dbo:Place;;;what is the production end year of <A>;select ?a where { <A> <http://dbpedia.org/ontology/productionEndYear> ?a };select ?a where { ?a <http://dbpedia.org/ontology/productionEndYear> [] . ?a a <http://dbpedia.org/ontology/Place> }
dbo:Place;;;what is the production start date of <A>;select ?a where { <A> <http://dbpedia.org/ontology/productionStartDate> ?a };select ?a where { ?a <http://dbpedia.org/ontology/productionStartDate> [] . ?a a <http://dbpedia.org/ontology/Place> }
dbo:Place;;;what is the production start year of <A>;select ?a where { <A> <http://dbpedia.org/ontology/productionStartYear> ?a };select ?a where { ?a <http://dbpedia.org/ontology/productionStartYear> [] . ?a a <http://dbpedia.org/ontology/Place> }
dbo:Place;;;what is the prominence of <A>;select ?a where { <A> <http://dbpedia.org/ontology/prominence> ?a };select ?a where { ?a <http://dbpedia.org/ontology/prominence> [] . ?a a <http://dbpedia.org/ontology/Place> }
dbo:Place;;;what is the province of <A>;select ?a where { <A> <http://dbpedia.org/ontology/province> ?a };select ?a where { ?a <http://dbpedia.org/ontology/province> [] . ?a a <http://dbpedia.org/ontology/Place> }
dbo:Place;;;what is the publication date of <A>;select ?a where { <A> <http://dbpedia.org/ontology/publicationDate> ?a };select ?a where { ?a <http://dbpedia.org/ontology/publicationDate> [] . ?a a <http://dbpedia.org/ontology/Place> }
dbo:Place;;;what is the publicly accessible of <A>;select ?a where { <A> <http://dbpedia.org/ontology/publiclyAccessible> ?a };select ?a where { ?a <http://dbpedia.org/ontology/publiclyAccessible> [] . ?a a <http://dbpedia.org/ontology/Place> }
dbo:Place;;;what is the purpose of <A>;select ?a where { <A> <http://dbpedia.org/ontology/purpose> ?a };select ?a where { ?a <http://dbpedia.org/ontology/purpose> [] . ?a a <http://dbpedia.org/ontology/Place> }
dbo:Place;;;what is the quote of <A>;select ?a where { <A> <http://dbpedia.org/ontology/quote> ?a };select ?a where { ?a <http://dbpedia.org/ontology/quote> [] . ?a a <http://dbpedia.org/ontology/Place> }
dbo:Place;;;what is the race of <A>;select ?a where { <A> <http://dbpedia.org/ontology/race> ?a };select ?a where { ?a <http://dbpedia.org/ontology/race> [] . ?a a <http://dbpedia.org/ontology/Place> }
dbo:Place;;;what is the race horse of <A>;select ?a where { <A> <http://dbpedia.org/ontology/raceHorse> ?a };select ?a where { ?a <http://dbpedia.org/ontology/raceHorse> [] . ?a a <http://dbpedia.org/ontology/Place> }
dbo:Place;;;what is the rating of <A>;select ?a where { <A> <http://dbpedia.org/ontology/rating> ?a };select ?a where { ?a <http://dbpedia.org/ontology/rating> [] . ?a a <http://dbpedia.org/ontology/Place> }
dbo:Place;;;what is the is used to indicate a resource that might provide additional information about the subject resource of <A>;select ?a where { <A> <http://www.w3.org/2000/01/rdf-schema#seeAlso> ?a };select ?a where { ?a <http://www.w3.org/2000/01/rdf-schema#seeAlso> [] . ?a a <http://dbpedia.org/ontology/Place> }
dbo:Place;;;what is the subclass of of <A>;select ?a where { <A> <http://www.w3.org/2000/01/rdf-schema#subClassOf> ?a };select ?a where { ?a <http://www.w3.org/2000/01/rdf-schema#subClassOf> [] . ?a a <http://dbpedia.org/ontology/Place> }
dbo:Place;;;what is the rebuild date of <A>;select ?a where { <A> <http://dbpedia.org/ontology/rebuildDate> ?a };select ?a where { ?a <http://dbpedia.org/ontology/rebuildDate> [] . ?a a <http://dbpedia.org/ontology/Place> }
dbo:Place;;;what is the record label of <A>;select ?a where { <A> <http://dbpedia.org/ontology/recordLabel> ?a };select ?a where { ?a <http://dbpedia.org/ontology/recordLabel> [] . ?a a <http://dbpedia.org/ontology/Place> }
dbo:Place;;;what is the region of <A>;select ?a where { <A> <http://dbpedia.org/ontology/region> ?a };select ?a where { ?a <http://dbpedia.org/ontology/region> [] . ?a a <http://dbpedia.org/ontology/Place> }
dbo:Place;;;what is the related of <A>;select ?a where { <A> <http://dbpedia.org/ontology/related> ?a };select ?a where { ?a <http://dbpedia.org/ontology/related> [] . ?a a <http://dbpedia.org/ontology/Place> }
dbo:Place;;;what is the release date of <A>;select ?a where { <A> <http://dbpedia.org/ontology/releaseDate> ?a };select ?a where { ?a <http://dbpedia.org/ontology/releaseDate> [] . ?a a <http://dbpedia.org/ontology/Place> }
dbo:Place;;;what is the religion of <A>;select ?a where { <A> <http://dbpedia.org/ontology/religion> ?a };select ?a where { ?a <http://dbpedia.org/ontology/religion> [] . ?a a <http://dbpedia.org/ontology/Place> }
dbo:Place;;;what is the religious head of <A>;select ?a where { <A> <http://dbpedia.org/ontology/religiousHead> ?a };select ?a where { ?a <http://dbpedia.org/ontology/religiousHead> [] . ?a a <http://dbpedia.org/ontology/Place> }
dbo:Place;;;what is the restore date of <A>;select ?a where { <A> <http://dbpedia.org/ontology/restoreDate> ?a };select ?a where { ?a <http://dbpedia.org/ontology/restoreDate> [] . ?a a <http://dbpedia.org/ontology/Place> }
dbo:Place;;;what is the retired of <A>;select ?a where { <A> <http://dbpedia.org/ontology/retired> ?a };select ?a where { ?a <http://dbpedia.org/ontology/retired> [] . ?a a <http://dbpedia.org/ontology/Place> }
dbo:Place;;;what is the river of <A>;select ?a where { <A> <http://dbpedia.org/ontology/river> ?a };select ?a where { ?a <http://dbpedia.org/ontology/river> [] . ?a a <http://dbpedia.org/ontology/Place> }
dbo:Place;;;what is the rkdartists id of <A>;select ?a where { <A> <http://dbpedia.org/ontology/rkdArtistsId> ?a };select ?a where { ?a <http://dbpedia.org/ontology/rkdArtistsId> [] . ?a a <http://dbpedia.org/ontology/Place> }
dbo:Place;;;what is the role of <A>;select ?a where { <A> <http://dbpedia.org/ontology/role> ?a };select ?a where { ?a <http://dbpedia.org/ontology/role> [] . ?a a <http://dbpedia.org/ontology/Place> }
dbo:Place;;;what is the royal anthem of <A>;select ?a where { <A> <http://dbpedia.org/ontology/royalAnthem> ?a };select ?a where { ?a <http://dbpedia.org/ontology/royalAnthem> [] . ?a a <http://dbpedia.org/ontology/Place> }
dbo:Place;;;what is the running mate of <A>;select ?a where { <A> <http://dbpedia.org/ontology/runningMate> ?a };select ?a where { ?a <http://dbpedia.org/ontology/runningMate> [] . ?a a <http://dbpedia.org/ontology/Place> }
dbo:Place;;;what is the sales of <A>;select ?a where { <A> <http://dbpedia.org/ontology/sales> ?a };select ?a where { ?a <http://dbpedia.org/ontology/sales> [] . ?a a <http://dbpedia.org/ontology/Place> }
dbo:Place;;;what is the secondleader of <A>;select ?a where { <A> <http://dbpedia.org/ontology/secondLeader> ?a };select ?a where { ?a <http://dbpedia.org/ontology/secondLeader> [] . ?a a <http://dbpedia.org/ontology/Place> }
dbo:Place;;;what is the secondpopularvote of <A>;select ?a where { <A> <http://dbpedia.org/ontology/secondPopularVote> ?a };select ?a where { ?a <http://dbpedia.org/ontology/secondPopularVote> [] . ?a a <http://dbpedia.org/ontology/Place> }
dbo:Place;;;what is the selibr id of <A>;select ?a where { <A> <http://dbpedia.org/ontology/selibrId> ?a };select ?a where { ?a <http://dbpedia.org/ontology/selibrId> [] . ?a a <http://dbpedia.org/ontology/Place> }
dbo:Place;;;what is the seniority of <A>;select ?a where { <A> <http://dbpedia.org/ontology/seniority> ?a };select ?a where { ?a <http://dbpedia.org/ontology/seniority> [] . ?a a <http://dbpedia.org/ontology/Place> }
dbo:Place;;;what is the series of <A>;select ?a where { <A> <http://dbpedia.org/ontology/series> ?a };select ?a where { ?a <http://dbpedia.org/ontology/series> [] . ?a a <http://dbpedia.org/ontology/Place> }
dbo:Place;;;what is the show of <A>;select ?a where { <A> <http://dbpedia.org/ontology/show> ?a };select ?a where { ?a <http://dbpedia.org/ontology/show> [] . ?a a <http://dbpedia.org/ontology/Place> }
dbo:Place;;;what is the similar of <A>;select ?a where { <A> <http://dbpedia.org/ontology/similar> ?a };select ?a where { ?a <http://dbpedia.org/ontology/similar> [] . ?a a <http://dbpedia.org/ontology/Place> }
dbo:Place;;;what is the broader of <A>;select ?a where { <A> <http://www.w3.org/2004/02/skos/core#broader> ?a };select ?a where { ?a <http://www.w3.org/2004/02/skos/core#broader> [] . ?a a <http://dbpedia.org/ontology/Place> }
dbo:Place;;;what is the preflabel of <A>;select ?a where { <A> <http://www.w3.org/2004/02/skos/core#prefLabel> ?a };select ?a where { ?a <http://www.w3.org/2004/02/skos/core#prefLabel> [] . ?a a <http://dbpedia.org/ontology/Place> }
dbo:Place;;;what is the related of <A>;select ?a where { <A> <http://www.w3.org/2004/02/skos/core#related> ?a };select ?a where { ?a <http://www.w3.org/2004/02/skos/core#related> [] . ?a a <http://dbpedia.org/ontology/Place> }
dbo:Place;;;what is the slogan of <A>;select ?a where { <A> <http://dbpedia.org/ontology/slogan> ?a };select ?a where { ?a <http://dbpedia.org/ontology/slogan> [] . ?a a <http://dbpedia.org/ontology/Place> }
dbo:Place;;;what is the sound recording of <A>;select ?a where { <A> <http://dbpedia.org/ontology/soundRecording> ?a };select ?a where { ?a <http://dbpedia.org/ontology/soundRecording> [] . ?a a <http://dbpedia.org/ontology/Place> }
dbo:Place;;;what is the source of <A>;select ?a where { <A> <http://dbpedia.org/ontology/source> ?a };select ?a where { ?a <http://dbpedia.org/ontology/source> [] . ?a a <http://dbpedia.org/ontology/Place> }
dbo:Place;;;what is the source confluence elevation of <A>;select ?a where { <A> <http://dbpedia.org/ontology/sourceConfluenceElevation> ?a };select ?a where { ?a <http://dbpedia.org/ontology/sourceConfluenceElevation> [] . ?a a <http://dbpedia.org/ontology/Place> }
dbo:Place;;;what is the source elevation of <A>;select ?a where { <A> <http://dbpedia.org/ontology/sourceElevation> ?a };select ?a where { ?a <http://dbpedia.org/ontology/sourceElevation> [] . ?a a <http://dbpedia.org/ontology/Place> }
dbo:Place;;;what is the source mountain of <A>;select ?a where { <A> <http://dbpedia.org/ontology/sourceMountain> ?a };select ?a where { ?a <http://dbpedia.org/ontology/sourceMountain> [] . ?a a <http://dbpedia.org/ontology/Place> }
dbo:Place;;;what is the source place of <A>;select ?a where { <A> <http://dbpedia.org/ontology/sourcePlace> ?a };select ?a where { ?a <http://dbpedia.org/ontology/sourcePlace> [] . ?a a <http://dbpedia.org/ontology/Place> }
dbo:Place;;;what is the source position of <A>;select ?a where { <A> <http://dbpedia.org/ontology/sourcePosition> ?a };select ?a where { ?a <http://dbpedia.org/ontology/sourcePosition> [] . ?a a <http://dbpedia.org/ontology/Place> }
dbo:Place;;;what is the source region of <A>;select ?a where { <A> <http://dbpedia.org/ontology/sourceRegion> ?a };select ?a where { ?a <http://dbpedia.org/ontology/sourceRegion> [] . ?a a <http://dbpedia.org/ontology/Place> }
dbo:Place;;;what is the speaker of <A>;select ?a where { <A> <http://dbpedia.org/ontology/speaker> ?a };select ?a where { ?a <http://dbpedia.org/ontology/speaker> [] . ?a a <http://dbpedia.org/ontology/Place> }
dbo:Place;;;what is the specialist of <A>;select ?a where { <A> <http://dbpedia.org/ontology/specialist> ?a };select ?a where { ?a <http://dbpedia.org/ontology/specialist> [] . ?a a <http://dbpedia.org/ontology/Place> }
dbo:Place;;;what is the sport of <A>;select ?a where { <A> <http://dbpedia.org/ontology/sport> ?a };select ?a where { ?a <http://dbpedia.org/ontology/sport> [] . ?a a <http://dbpedia.org/ontology/Place> }
dbo:Place;;;what is the sport governing body of <A>;select ?a where { <A> <http://dbpedia.org/ontology/sportGoverningBody> ?a };select ?a where { ?a <http://dbpedia.org/ontology/sportGoverningBody> [] . ?a a <http://dbpedia.org/ontology/Place> }
dbo:Place;;;what is the stadium of <A>;select ?a where { <A> <http://dbpedia.org/ontology/stadium> ?a };select ?a where { ?a <http://dbpedia.org/ontology/stadium> [] . ?a a <http://dbpedia.org/ontology/Place> }
dbo:Place;;;what is the start point of <A>;select ?a where { <A> <http://dbpedia.org/ontology/startPoint> ?a };select ?a where { ?a <http://dbpedia.org/ontology/startPoint> [] . ?a a <http://dbpedia.org/ontology/Place> }
dbo:Place;;;what is the state of <A>;select ?a where { <A> <http://dbpedia.org/ontology/state> ?a };select ?a where { ?a <http://dbpedia.org/ontology/state> [] . ?a a <http://dbpedia.org/ontology/Place> }
dbo:Place;;;what is the status of <A>;select ?a where { <A> <http://dbpedia.org/ontology/status> ?a };select ?a where { ?a <http://dbpedia.org/ontology/status> [] . ?a a <http://dbpedia.org/ontology/Place> }
dbo:Place;;;what is the subdivisions of <A>;select ?a where { <A> <http://dbpedia.org/ontology/subdivisions> ?a };select ?a where { ?a <http://dbpedia.org/ontology/subdivisions> [] . ?a a <http://dbpedia.org/ontology/Place> }
dbo:Place;;;what is the subregion of <A>;select ?a where { <A> <http://dbpedia.org/ontology/subregion> ?a };select ?a where { ?a <http://dbpedia.org/ontology/subregion> [] . ?a a <http://dbpedia.org/ontology/Place> }
dbo:Place;;;what is the subtitle of <A>;select ?a where { <A> <http://dbpedia.org/ontology/subtitle> ?a };select ?a where { ?a <http://dbpedia.org/ontology/subtitle> [] . ?a a <http://dbpedia.org/ontology/Place> }
dbo:Place;;;what is the successful launches of <A>;select ?a where { <A> <http://dbpedia.org/ontology/successfulLaunches> ?a };select ?a where { ?a <http://dbpedia.org/ontology/successfulLaunches> [] . ?a a <http://dbpedia.org/ontology/Place> }
dbo:Place;;;what is the successor of <A>;select ?a where { <A> <http://dbpedia.org/ontology/successor> ?a };select ?a where { ?a <http://dbpedia.org/ontology/successor> [] . ?a a <http://dbpedia.org/ontology/Place> }
dbo:Place;;;what is the sudoc id of <A>;select ?a where { <A> <http://dbpedia.org/ontology/sudocId> ?a };select ?a where { ?a <http://dbpedia.org/ontology/sudocId> [] . ?a a <http://dbpedia.org/ontology/Place> }
dbo:Place;;;what is the synonym of <A>;select ?a where { <A> <http://dbpedia.org/ontology/synonym> ?a };select ?a where { ?a <http://dbpedia.org/ontology/synonym> [] . ?a a <http://dbpedia.org/ontology/Place> }
dbo:Place;;;what is the taoiseach of <A>;select ?a where { <A> <http://dbpedia.org/ontology/taoiseach> ?a };select ?a where { ?a <http://dbpedia.org/ontology/taoiseach> [] . ?a a <http://dbpedia.org/ontology/Place> }
dbo:Place;;;what is the team of <A>;select ?a where { <A> <http://dbpedia.org/ontology/team> ?a };select ?a where { ?a <http://dbpedia.org/ontology/team> [] . ?a a <http://dbpedia.org/ontology/Place> }
dbo:Place;;;what is the team size of <A>;select ?a where { <A> <http://dbpedia.org/ontology/teamSize> ?a };select ?a where { ?a <http://dbpedia.org/ontology/teamSize> [] . ?a a <http://dbpedia.org/ontology/Place> }
dbo:Place;;;what is the television series of <A>;select ?a where { <A> <http://dbpedia.org/ontology/televisionSeries> ?a };select ?a where { ?a <http://dbpedia.org/ontology/televisionSeries> [] . ?a a <http://dbpedia.org/ontology/Place> }
dbo:Place;;;what is the temperature of <A>;select ?a where { <A> <http://dbpedia.org/ontology/temperature> ?a };select ?a where { ?a <http://dbpedia.org/ontology/temperature> [] . ?a a <http://dbpedia.org/ontology/Place> }
dbo:Place;;;what is the type of tennis surface of <A>;select ?a where { <A> <http://dbpedia.org/ontology/tennisSurfaceType> ?a };select ?a where { ?a <http://dbpedia.org/ontology/tennisSurfaceType> [] . ?a a <http://dbpedia.org/ontology/Place> }
dbo:Place;;;what is the term period of <A>;select ?a where { <A> <http://dbpedia.org/ontology/termPeriod> ?a };select ?a where { ?a <http://dbpedia.org/ontology/termPeriod> [] . ?a a <http://dbpedia.org/ontology/Place> }
dbo:Place;;;what is the thumbnail of <A>;select ?a where { <A> <http://dbpedia.org/ontology/thumbnail> ?a };select ?a where { ?a <http://dbpedia.org/ontology/thumbnail> [] . ?a a <http://dbpedia.org/ontology/Place> }
dbo:Place;;;what is the time of <A>;select ?a where { <A> <http://dbpedia.org/ontology/time> ?a };select ?a where { ?a <http://dbpedia.org/ontology/time> [] . ?a a <http://dbpedia.org/ontology/Place> }
dbo:Place;;;what is the total time person has spent in space of <A>;select ?a where { <A> <http://dbpedia.org/ontology/timeInSpace> ?a };select ?a where { ?a <http://dbpedia.org/ontology/timeInSpace> [] . ?a a <http://dbpedia.org/ontology/Place> }
dbo:Place;;;what is the time zone of <A>;select ?a where { <A> <http://dbpedia.org/ontology/timeZone> ?a };select ?a where { ?a <http://dbpedia.org/ontology/timeZone> [] . ?a a <http://dbpedia.org/ontology/Place> }
dbo:Place;;;what is the title of <A>;select ?a where { <A> <http://dbpedia.org/ontology/title> ?a };select ?a where { ?a <http://dbpedia.org/ontology/title> [] . ?a a <http://dbpedia.org/ontology/Place> }
dbo:Place;;;what is the top speed of <A>;select ?a where { <A> <http://dbpedia.org/ontology/topSpeed> ?a };select ?a where { ?a <http://dbpedia.org/ontology/topSpeed> [] . ?a a <http://dbpedia.org/ontology/Place> }
dbo:Place;;;what is the total launches of <A>;select ?a where { <A> <http://dbpedia.org/ontology/totalLaunches> ?a };select ?a where { ?a <http://dbpedia.org/ontology/totalLaunches> [] . ?a a <http://dbpedia.org/ontology/Place> }
dbo:Place;;;what is the type of <A>;select ?a where { <A> <http://dbpedia.org/ontology/type> ?a };select ?a where { ?a <http://dbpedia.org/ontology/type> [] . ?a a <http://dbpedia.org/ontology/Place> }
dbo:Place;;;what is the ulan id of <A>;select ?a where { <A> <http://dbpedia.org/ontology/ulanId> ?a };select ?a where { ?a <http://dbpedia.org/ontology/ulanId> [] . ?a a <http://dbpedia.org/ontology/Place> }
dbo:Place;;;what is the university of <A>;select ?a where { <A> <http://dbpedia.org/ontology/university> ?a };select ?a where { ?a <http://dbpedia.org/ontology/university> [] . ?a a <http://dbpedia.org/ontology/Place> }
dbo:Place;;;what is the utc offset of <A>;select ?a where { <A> <http://dbpedia.org/ontology/utcOffset> ?a };select ?a where { ?a <http://dbpedia.org/ontology/utcOffset> [] . ?a a <http://dbpedia.org/ontology/Place> }
dbo:Place;;;what is the variant or variation of <A>;select ?a where { <A> <http://dbpedia.org/ontology/variantOf> ?a };select ?a where { ?a <http://dbpedia.org/ontology/variantOf> [] . ?a a <http://dbpedia.org/ontology/Place> }
dbo:Place;;;what is the vehicle of <A>;select ?a where { <A> <http://dbpedia.org/ontology/vehicle> ?a };select ?a where { ?a <http://dbpedia.org/ontology/vehicle> [] . ?a a <http://dbpedia.org/ontology/Place> }
dbo:Place;;;what is the viaf id of <A>;select ?a where { <A> <http://dbpedia.org/ontology/viafId> ?a };select ?a where { ?a <http://dbpedia.org/ontology/viafId> [] . ?a a <http://dbpedia.org/ontology/Place> }
dbo:Place;;;what is the vice chancellor of <A>;select ?a where { <A> <http://dbpedia.org/ontology/viceChancellor> ?a };select ?a where { ?a <http://dbpedia.org/ontology/viceChancellor> [] . ?a a <http://dbpedia.org/ontology/Place> }
dbo:Place;;;what is the vice president of <A>;select ?a where { <A> <http://dbpedia.org/ontology/vicePresident> ?a };select ?a where { ?a <http://dbpedia.org/ontology/vicePresident> [] . ?a a <http://dbpedia.org/ontology/Place> }
dbo:Place;;;what is the vice prime minister of <A>;select ?a where { <A> <http://dbpedia.org/ontology/vicePrimeMinister> ?a };select ?a where { ?a <http://dbpedia.org/ontology/vicePrimeMinister> [] . ?a a <http://dbpedia.org/ontology/Place> }
dbo:Place;;;what is the victim of <A>;select ?a where { <A> <http://dbpedia.org/ontology/victim> ?a };select ?a where { ?a <http://dbpedia.org/ontology/victim> [] . ?a a <http://dbpedia.org/ontology/Place> }
dbo:Place;;;what is the victims of <A>;select ?a where { <A> <http://dbpedia.org/ontology/victims> ?a };select ?a where { ?a <http://dbpedia.org/ontology/victims> [] . ?a a <http://dbpedia.org/ontology/Place> }
dbo:Place;;;what is the voice of <A>;select ?a where { <A> <http://dbpedia.org/ontology/voice> ?a };select ?a where { ?a <http://dbpedia.org/ontology/voice> [] . ?a a <http://dbpedia.org/ontology/Place> }
dbo:Place;;;what is the volume of <A>;select ?a where { <A> <http://dbpedia.org/ontology/volume> ?a };select ?a where { ?a <http://dbpedia.org/ontology/volume> [] . ?a a <http://dbpedia.org/ontology/Place> }
dbo:Place;;;what is the volume quote of <A>;select ?a where { <A> <http://dbpedia.org/ontology/volumeQuote> ?a };select ?a where { ?a <http://dbpedia.org/ontology/volumeQuote> [] . ?a a <http://dbpedia.org/ontology/Place> }
dbo:Place;;;what is the webcast of <A>;select ?a where { <A> <http://dbpedia.org/ontology/webcast> ?a };select ?a where { ?a <http://dbpedia.org/ontology/webcast> [] . ?a a <http://dbpedia.org/ontology/Place> }
dbo:Place;;;what is the weight of <A>;select ?a where { <A> <http://dbpedia.org/ontology/weight> ?a };select ?a where { ?a <http://dbpedia.org/ontology/weight> [] . ?a a <http://dbpedia.org/ontology/Place> }
dbo:Place;;;what is the width of <A>;select ?a where { <A> <http://dbpedia.org/ontology/width> ?a };select ?a where { ?a <http://dbpedia.org/ontology/width> [] . ?a a <http://dbpedia.org/ontology/Place> }
dbo:Place;;;what is the width quote of <A>;select ?a where { <A> <http://dbpedia.org/ontology/widthQuote> ?a };select ?a where { ?a <http://dbpedia.org/ontology/widthQuote> [] . ?a a <http://dbpedia.org/ontology/Place> }
dbo:Place;;;what is the wikipage disambiguates of <A>;select ?a where { <A> <http://dbpedia.org/ontology/wikiPageDisambiguates> ?a };select ?a where { ?a <http://dbpedia.org/ontology/wikiPageDisambiguates> [] . ?a a <http://dbpedia.org/ontology/Place> }
dbo:Place;;;what is the link from a wikipage to an external page of <A>;select ?a where { <A> <http://dbpedia.org/ontology/wikiPageExternalLink> ?a };select ?a where { ?a <http://dbpedia.org/ontology/wikiPageExternalLink> [] . ?a a <http://dbpedia.org/ontology/Place> }
dbo:Place;;;what is the wikipage page id of <A>;select ?a where { <A> <http://dbpedia.org/ontology/wikiPageID> ?a };select ?a where { ?a <http://dbpedia.org/ontology/wikiPageID> [] . ?a a <http://dbpedia.org/ontology/Place> }
dbo:Place;;;what is the wikipage redirect of <A>;select ?a where { <A> <http://dbpedia.org/ontology/wikiPageRedirects> ?a };select ?a where { ?a <http://dbpedia.org/ontology/wikiPageRedirects> [] . ?a a <http://dbpedia.org/ontology/Place> }
dbo:Place;;;what is the wikipage revision id of <A>;select ?a where { <A> <http://dbpedia.org/ontology/wikiPageRevisionID> ?a };select ?a where { ?a <http://dbpedia.org/ontology/wikiPageRevisionID> [] . ?a a <http://dbpedia.org/ontology/Place> }
dbo:Place;;;what is the wins of <A>;select ?a where { <A> <http://dbpedia.org/ontology/wins> ?a };select ?a where { ?a <http://dbpedia.org/ontology/wins> [] . ?a a <http://dbpedia.org/ontology/Place> }
dbo:Place;;;what is the year of <A>;select ?a where { <A> <http://dbpedia.org/ontology/year> ?a };select ?a where { ?a <http://dbpedia.org/ontology/year> [] . ?a a <http://dbpedia.org/ontology/Place> }
dbo:Place;;;what is the year of construction of <A>;select ?a where { <A> <http://dbpedia.org/ontology/yearOfConstruction> ?a };select ?a where { ?a <http://dbpedia.org/ontology/yearOfConstruction> [] . ?a a <http://dbpedia.org/ontology/Place> }
